HR;Hm;km;maxHR;maxHm;max_speed;minHm;position_lat_max;position_lat_min;position_long_max;position_long_min;speed;bike;type;date;endtime;starttime;rider_weight;rider_height;ride_type;duration
;566,6;36,14793;;528,6;53,8776;289,6;48,77856824;48,70887422;9,572090087;9,469560469;19,63155608;Rose PRO;Rennrad;03.01.20;16:15:33;14:17:03;76;183;Pendeln;01:58:30
;707,6;22,78517;;484,4;55,9296;313;48,75552194;48,71633437;9,519578638;9,506491804;25,75018;Rose PRO;Rennrad;06.10.18;14:00:01;12:50:55;73;183;Training;01:09:06
;191,6;35,77877;;323,2;39,5352;237,6;48,79818524;48,70367032;9,517305717;9,170930609;21,01617161;Stevens Elite;Trecking;27.08.19;19:52:13;18:10:02;73;183;Pendeln;01:42:11
;234;35,25931;;347,6;39,132;246,8;48,79822346;48,70365221;9,517285936;9,170499528;22,13894476;Stevens Elite;Trecking;04.04.18;19:27:20;17:51:38;74;183;Pendeln;01:35:42
;447,8;22,03374;;465;57,6756;281,8;48,76649964;48,71701187;9,519576458;9,490543222;26,44992323;Rose PRO;Rennrad;20.09.17;16:47:32;15:51:00;73;183;Training;00:56:32
;158,6;34,94818;;312;40,8132;218,2;48,79830871;48,70365892;9,517276548;9,170876797;21,84257558;Stevens Elite;Trecking;04.10.18;09:25:18;07:49:33;73;183;Pendeln;01:35:45
121,5350554;1885,6;34,18781;180;2677,8;48,7404;874,2;46,62205417;46,52866024;10,6920183;10,45330144;12,14640718;CUBE AIM RACE;MTB;19.07.16;13:04:19;09:56:21;73;183;Training;03:07:58
;134,8;4,9589;;283,4;30,9024;210;48,7172702;48,71312225;9,517255425;9,49041741;13,87198442;CUBE AIM RACE;MTB;22.04.20;19:03:16;18:27:16;74;183;Training;00:36:00
;419,2;27,98019;;514,8;55,8936;302,4;48,77309896;48,71701154;9,561129827;9,490725026;27,52272611;Rose PRO;Rennrad;19.05.19;11:44:08;10:36:08;74;183;Training;01:08:00
;1872;135,21946;;707;54,3168;259,4;48,8235519;48,68472369;9,990724912;9,490651516;28,05946159;Rose PRO;Rennrad;29.04.18;13:00:50;07:00:33;73;183;Training;06:00:17
134,9061743;1418,2;91,54984;163;789,8;57,7764;314;48,71721623;48,52843096;9,659815673;9,448956409;25,98141029;Rose PRO;Rennrad;02.06.19;14:43:47;10:37:53;73;183;Training;04:05:54
;171,6;34,95407;;299,8;40,2768;210,2;48,79810729;48,70365674;9,517242098;9,170802534;23,01625363;Stevens Elite;Trecking;18.03.20;09:53:26;08:21:05;75;183;Pendeln;01:32:21
;151,2;35,0756;;315,4;41,2488;227,8;48,79828448;48,70367233;9,51723313;9,170828769;23,11016234;Stevens Elite;Trecking;13.09.18;08:14:38;06:43:51;70;183;Pendeln;01:30:47
;591;30,19561;;916,6;35,7732;544,4;46,6531662;46,61857425;11,00485238;10,89808621;18,7884797;Rose PRO;Rennrad;10.08.18;09:53:42;08:09:59;73;183;Training;01:43:43
;263,4;36,66047;;200,6;41,922;112,2;48,79820452;48,70364685;9,523507236;9,170537246;22,44492075;Stevens Elite;Trecking;05.09.18;18:56:26;17:18:44;70;183;Pendeln;01:37:42
;433,2;27,19755;;446,8;46,7244;234,4;48,76617216;48,71600261;9,561114404;9,490811611;25,71949183;Rose PRO;Rennrad;19.03.17;14:18:12;13:11:06;75;183;Training;01:07:06
;651,6;41,31568;;552,8;56,0952;316,2;48,79158106;48,71542074;9,561168551;9,404824181;27,27471391;Rose PRO;Rennrad;14.05.19;17:38:14;16:00:30;74;183;Training;01:37:44
;220,6;34,99888;;296,6;46,188;202,2;48,79824584;48,70363536;9,517183928;9,170695245;26,15173822;Carver Distaco 6000;Rennrad;15.08.19;09:19:35;07:57:46;73;183;Pendeln;01:21:49
;199,8;14,09633;;379,8;39,906;244,8;48,7367246;48,70533337;9,517201949;9,472885067;19,58235028;Rose PRO;Rennrad;29.05.20;19:03:59;18:19:54;73;183;Training;00:44:05
;569,2;38,6997;;553;49,5792;256,2;44,08350946;44,03486148;5,2945117;5,177048128;24,27351526;Rose PRO;Rennrad;16.06.19;20:20:33;18:27:51;73;183;Training;01:52:42
;298,4;48,76787;;674,2;53,1396;541,8;48,7983129;48,70267714;9,584358009;9,170707315;22,28644935;Stevens Elite;Trecking;30.07.19;20:23:44;18:09:20;73;183;Training;02:14:24
;589,6;33,53692;;491,4;55,458;272,6;48,76653425;48,70837935;9,561100993;9,463546034;25,58079845;Rose PRO;Rennrad;07.04.20;18:29:22;15:38:26;75;183;Training;02:50:56
;398,4;26,15825;;375,2;42,9624;258,8;48,71903376;48,67718644;9,564787522;9,468240486;19,86745169;Rose PRO;Rennrad;15.05.20;14:13:55;12:52:37;73;183;Training;01:21:18
;161,6;34,89157;;325;40,5432;230,8;48,79831323;48,70366587;9,517324744;9,170807311;22,89227465;Stevens Elite;Trecking;16.10.18;08:39:25;07:08:54;74;183;Pendeln;01:30:31
;204,8;34,56981;;314;39,8736;222,4;48,79829521;48,70362589;9,517202368;9,17069776;21,96252565;Stevens Elite;Trecking;06.06.17;08:27:48;06:53:46;73;183;Pendeln;01:34:02
;291;25,71262;;481,2;48,3048;271,4;48,76652713;48,7154753;9,561166959;9,490684876;27,45687574;Rose PRO;Rennrad;07.05.16;17:11:10;16:15:04;74;183;Training;00:56:06
;235,4;36,1331;;399,4;40,9464;266,6;48,79824551;48,70367006;9,52352006;9,171052901;22,94925399;Stevens Elite;Trecking;17.10.18;18:59:55;17:26:58;74;183;Pendeln;01:32:57
;329,2;11,10381;;534,4;40,0752;341,4;48,74377688;48,71396681;9,517455334;9,489272526;16,8602461;CUBE AIM RACE;MTB;14.04.20;12:47:41;11:57:47;74;183;Training;00:49:54
;178,4;34,97122;;330;38,4264;235,2;48,79827929;48,70363905;9,517242517;9,170834133;21,79143486;Stevens Elite;Trecking;12.04.19;09:39:07;08:03:00;75;183;Pendeln;01:36:07
;152,6;35,15255;;321,6;38,3256;232,4;48,79828842;48,703644;9,517222401;9,170803037;23,39728017;Stevens Elite;Trecking;10.07.18;09:04:27;07:34:50;73;183;Pendeln;01:29:37
;245,2;34,86034;;320,6;40,5756;226;48,79828608;48,70365657;9,517220389;9,170751488;23,3764639;Stevens Elite;Trecking;13.07.17;20:21:25;18:54:12;73;183;Pendeln;01:27:13
;214,4;35,72041;;308,2;40,9788;211,2;48,80002976;48,70365095;9,517227849;9,170843856;22,2244635;Stevens Elite;Trecking;17.07.20;10:48:03;08:58:44;73;183;Pendeln;01:49:19
;208,4;35,29607;;353,6;39,8736;254;48,79819513;48,70367518;9,517239081;9,170683175;23,64386931;Stevens Elite;Trecking;16.08.19;19:59:43;18:31:56;73;183;Pendeln;01:27:47
;684,6;50,13588;;561,4;56,7;272;48,75779822;48,70778818;9,727233751;9,506604038;25,51229057;Rose PRO;Rennrad;29.09.19;14:58:44;12:34:30;73;183;Training;02:24:14
124,7135417;577;35,76091;167;396,6;51,8652;273;48,71719452;48,65235949;9,592695488;9,435017221;24,85450781;Rose PRO;Rennrad;16.09.18;17:10:56;15:34:29;70;183;Training;01:36:27
;146,8;35,18156;;309,8;42,5916;219,6;48,79829521;48,70365053;9,517359193;9,170432389;25,3861329;Carver Distaco 6000;Rennrad;19.07.19;08:51:16;07:29:42;73;183;Pendeln;01:21:34
;150,6;34,882;;317,4;36,9828;223,6;48,79811567;48,70365431;9,517243858;9,170902949;22,42207792;Stevens Elite;Trecking;08.06.20;09:44:05;08:13:42;72;183;Pendeln;01:30:23
;454,4;22,03631;;475,8;37,386;263,2;48,75377608;48,713956;9,551336411;9,489531862;18,00411948;Rose PRO;Rennrad;05.05.20;13:52:00;12:34:17;73;183;Training;01:17:43
;304;21,71411;;433,8;42,39;209,2;44,12524623;44,06705017;5,239868648;5,17620977;20,28861593;Rose PRO;Rennrad;19.06.19;08:53:36;07:31:59;73;183;Training;01:21:37
;765,8;74,80448;;478,8;54,7524;227,2;48,81370299;48,7077979;9,723590054;9,460447663;26,58221121;Rose PRO;Rennrad;13.10.19;15:27:02;12:26:49;74;183;Training;03:00:13
;669,4;45,49481;;486,4;53,1396;278,4;48,76670005;48,71548109;9,561228817;9,490549592;26,38648702;Rose PRO;Rennrad;08.06.18;16:19:26;14:12:21;73;183;Training;02:07:05
;388,2;16,05416;;455,4;41,1804;267,2;48,74683385;48,71394443;9,517420549;9,480477059;17,17575366;CUBE AIM RACE;MTB;04.05.20;13:52:01;12:48:28;74;183;Training;01:03:33
;199,4;35,16375;;319,8;37,0152;228,2;48,79813051;48,70364366;9,517237991;9,170442112;20,87128777;Stevens Elite;Trecking;08.06.20;17:50:51;16:10:12;72;183;Pendeln;01:40:39
;216,2;36,74129;;364,2;42,7608;253,6;48,79821273;48,70360502;9,523474295;9,170464827;23,49285129;Stevens Elite;Trecking;20.08.18;20:06:31;18:34:38;71;183;Pendeln;01:31:53
;204,8;34,69544;;326;37,0836;228,8;48,79830846;48,70363528;9,517309992;9,170673955;22,67096203;Stevens Elite;Trecking;04.09.17;08:22:49;06:49:34;73;183;Pendeln;01:33:15
124,3238095;666,2;91,26916;165;75,8;48,7404;-6,4;54,24595753;54,01780766;10,98623073;10,70098023;24,59398462;Giant;Rennrad;07.05.19;15:01:07;10:02:18;74;183;Training;04:58:49
;143,6;35,04073;;308,6;45,7488;223,2;48,79826688;48,70364542;9,517034814;9,170975285;25,35957427;Carver Distaco 6000;Rennrad;20.07.18;08:26:00;07:04:38;73;183;Pendeln;01:21:22
;629,2;65,10801;;517,6;56,9016;287,2;48,79331594;48,7078062;9,743466312;9,51484764;27,22714304;Rose PRO;Rennrad;05.07.20;12:00:28;09:28:04;73;183;Training;02:32:24
;179,8;35,00574;;292,4;40,3092;202,2;48,79809564;48,70365355;9,517333629;9,170818543;22,9440169;Stevens Elite;Trecking;16.09.19;08:59:25;07:26:06;73;183;Pendeln;01:33:19
;336,8;14,29274;;444,8;39,5352;256,8;48,74680141;48,71395089;9,517258443;9,48043339;18,13519651;Rose PRO;Rennrad;27.03.20;16:02:53;15:10:48;75;183;Training;00:52:05
;192;35,21374;;368,2;38,9988;288;48,79821248;48,70362396;9,517217288;9,170362232;23,06261386;Stevens Elite;Trecking;03.06.19;20:39:51;19:09:40;73;183;Pendeln;01:30:11
;204;35,3908;;299,8;38,7288;209;48,79821944;48,70363821;9,517217372;9,170627687;21,08954274;Stevens Elite;Trecking;03.07.19;21:18:41;19:40:09;73;183;Pendeln;01:38:32
;361,2;33,37056;;399,8;48,3048;282,2;48,72038199;48,66375485;9,625135129;9,514844706;25,61716558;Rose PRO;Rennrad;14.07.20;19:08:58;17:47:00;73;183;Training;01:21:58
;31,8;5,55968;;341,4;36,144;295;48,8008734;48,77299762;9,217344979;9,170603296;20,53890404;Stevens Elite;Trecking;09.08.17;21:21:22;21:05:04;73;183;Training;00:16:18
;248;36,84332;;292,2;40,5432;204;48,7982792;48,70364534;9,523472534;9,170651324;23,08477545;Stevens Elite;Trecking;18.06.18;20:21:57;18:47:36;73;183;Pendeln;01:34:21
;182,6;35,03452;;342,2;36,4788;250,2;48,79826177;48,70366042;9,517292138;9,1709664;21,39746877;Stevens Elite;Trecking;10.09.18;08:11:21;06:33:11;70;183;Pendeln;01:38:10
;295,2;24,19588;;487,6;58,7484;269,6;48,76654859;48,71545125;9,561059922;9,490533667;27,6583126;Rose PRO;Rennrad;02.11.18;16:38:06;15:40:57;75;183;Training;00:57:09
;1086,2;46,18305;;483,2;57,474;303,8;48,7662092;48,71640804;9,519556677;9,49073324;25,76721558;Rose PRO;Rennrad;17.08.19;17:48:52;15:37:52;73;183;Training;02:11:00
;470,8;53,30381;;498,8;48,7404;267,2;48,78594968;48,70777728;9,704753067;9,514832972;25,90429383;Rose PRO;Rennrad;13.07.20;18:13:46;16:03:34;73;183;Training;02:10:12
;236,2;35,34533;;389,4;38,3256;265,2;48,79820821;48,70367057;9,517264143;9,170633722;21,47358719;Stevens Elite;Trecking;26.08.19;19:27:39;17:48:44;73;183;Pendeln;01:38:55
;879,4;59,08573;;445,4;56,9016;205,4;48,7915995;48,70362103;9,561099317;9,404816888;26,00288069;Rose PRO;Rennrad;12.03.17;14:27:18;11:55:42;75;183;Training;02:31:36
;228;37,36184;;377;42,5916;257,2;48,79829454;48,70364944;9,523501284;9,170550071;23,96276684;Stevens Elite;Trecking;15.06.18;19:57:31;18:23:55;73;183;Pendeln;01:33:36
;753,6;45,43243;;428,6;49,95;103;49,99136944;49,88884519;7,130330717;6,996158995;25,22241921;Rose PRO;Rennrad;10.09.17;10:44:08;08:46:42;73;183;Training;01:57:26
;1253,4;157,52394;;81;46,7244;-13,2;54,40226569;54,02702951;10,75753268;10,12027829;23,13495759;Giant;Rennrad;05.05.19;19:05:08;06:12:52;74;183;Training;12:52:16
;202;34,36639;;303,2;39,7368;209;48,79996799;48,70364584;9,516975051;9,170790045;21,133299;Stevens Elite;Trecking;28.10.16;08:27:25;06:53:50;74;183;Pendeln;01:33:35
;841;40,62051;;495,4;50,7888;245;48,79753942;48,71704892;9,51958417;9,404855277;25,08520169;Rose PRO;Rennrad;11.06.20;17:54:49;16:05:10;73;183;Training;01:49:39
;203,8;34,89446;;244;39,5712;154,8;48,798301;48,70363796;9,516755529;9,170857603;23,10409397;Stevens Elite;Trecking;04.06.18;08:07:33;06:38:51;73;183;Pendeln;01:28:42
;200,8;34,62833;;277;36,9144;175,8;48,79833084;48,70365154;9,517385932;9,170831535;23,55402777;Stevens Elite;Trecking;15.03.17;08:44:54;07:14:44;75;183;Pendeln;01:30:10
;294,8;11,57499;;518,6;43,5348;325,4;48,74686989;48,71483618;9,517123997;9,492012402;18,52118503;Rose PRO;Rennrad;25.03.20;13:07:09;12:21:12;75;183;Training;00:45:57
;187,8;35,37618;;325,2;37,9908;241;48,79814585;48,70367895;9,517221982;9,170065681;23,19748621;Stevens Elite;Trecking;12.09.19;19:46:15;18:17:08;73;183;Pendeln;01:29:07
;268;35,00307;;346,2;38,2608;239,4;48,79831893;48,70365732;9,517135397;9,170351923;21,33789016;Stevens Elite;Trecking;08.08.17;19:54:50;18:18:37;73;183;Pendeln;01:36:13
;288,6;24,45014;;455,2;59,724;243;48,76644247;48,71543038;9,561146758;9,490566524;29,1802124;Rose PRO;Rennrad;04.11.17;17:10:13;16:15:06;74;183;Training;00:55:07
;266,2;35,32632;;304,2;37,3536;213;48,79811576;48,70365422;9,517144784;9,170349156;22,96491801;Stevens Elite;Trecking;06.05.20;19:37:06;18:07:39;73;183;Pendeln;01:29:27
;236,6;35,24807;;373,8;37,4544;252;48,7983269;48,70364886;9,517300855;9,170491733;21,14804645;Stevens Elite;Trecking;06.03.19;18:58:39;17:20:23;75;183;Pendeln;01:38:16
;174,4;35,51549;;306,8;33,7572;210,6;48,79824433;48,70363863;9,517281828;9,170802534;19,11155077;Stevens Elite;Trecking;14.03.18;09:19:42;07:27:43;74;183;Pendeln;01:51:59
128,9001729;2075,2;100,38474;165;2745,4;57,1392;625,4;46,6579894;46,52864993;11,03300686;10,45283684;25,19073708;Rose PRO;Rennrad;07.08.18;15:20:24;09:54:35;73;183;Training;05:25:49
;258,2;35,17767;;417,6;38,16;322;48,79829471;48,70368993;9,517198093;9,172273809;21,320625;Rose PRO;Rennrad;03.04.17;18:48:21;17:07:47;75;183;Training;01:40:34
;308,2;35,65794;;370,2;41,7204;248,2;48,79813495;48,70367685;9,517221227;9,170660796;23,87434718;Stevens Elite;Trecking;20.09.19;18:53:16;17:22:39;73;183;Pendeln;01:30:37
;424,6;42,78446;;518;51,7284;273;48,78275022;48,70776756;9,645298384;9,514830289;26,33419146;Rose PRO;Rennrad;12.05.20;14:35:41;12:55:10;73;183;Training;01:40:31
;155,2;34,89606;;321;37,8576;221,4;48,79827116;48,70365506;9,517382076;9,170879396;23,2496296;Stevens Elite;Trecking;17.04.18;07:32:40;06:03:48;73;183;Pendeln;01:28:52
;450,2;22,26266;;468,6;39,906;235;48,77745939;48,71389473;9,531488987;9,480472617;17,40292613;CUBE AIM RACE;MTB;06.01.20;15:27:04;14:03:59;76;183;Training;01:23:05
;195,2;35,26557;;331,6;40,0068;240;48,79816655;48,70363654;9,517273027;9,170618886;22,82518686;Stevens Elite;Trecking;26.07.19;20:23:58;18:53:11;73;183;Pendeln;01:30:47
;1720,2;62,1243;;2403;54,45;752,6;47,28741626;47,11647565;12,83434214;12,78398241;23,01955263;Rose PRO;Rennrad;04.06.17;10:49:31;06:19:40;73;183;Training;04:29:51
;365,6;31,94323;;368,2;52,2324;244,8;48,71718739;48,65964227;9,524680199;9,37642755;20,99466313;Rose PRO;Rennrad;02.12.18;13:42:42;12:04:56;75;183;Training;01:37:46
125,6023789;537,6;28,60439;164;480;58,0104;273,4;48,76629696;48,71547899;9,561157404;9,490716644;26,82241937;Rose PRO;Rennrad;06.09.18;14:14:05;12:58:04;70;183;Training;01:16:01
;467,6;30,06829;;443,2;49,2444;224,2;48,76630886;48,71541739;9,561101664;9,49063601;25,60258206;Rose PRO;Rennrad;29.01.17;14:48:17;13:33:38;76;183;Training;01:14:39
;147;35,18296;;326,8;39,4344;238,4;48,79827275;48,70364944;9,517381322;9,170666412;23,37729859;Stevens Elite;Trecking;23.08.18;08:47:46;07:19:25;71;183;Pendeln;01:28:21
;240,6;35,33326;;232,8;37,6884;140;48,7981471;48,7036274;9,517291635;9,170800438;20,42657248;Stevens Elite;Trecking;15.04.19;19:01:05;17:18:17;75;183;Pendeln;01:42:48
;648,8;41,33558;;514,6;51,2604;293,6;48,76649662;48,68561771;9,61750282;9,490556717;24,40074986;Rose PRO;Rennrad;05.01.20;16:05:16;14:16:11;76;183;Training;01:49:05
;204,6;34,68938;;320,6;36,4464;234;48,79831659;48,70366076;9,51751845;9,17059944;21,52830534;Stevens Elite;Trecking;08.09.17;08:49:27;07:13:13;73;183;Pendeln;01:36:14
;199;34,61668;;311,4;42,2892;212;48,79827032;48,70362011;9,517227095;9,170786273;23,33970678;Stevens Elite;Trecking;28.07.17;08:21:02;06:52:36;73;183;Pendeln;01:28:26
;584,8;30,71422;;489,8;57,474;236,6;48,80340323;48,71703635;9,528350467;9,46038153;28,4484954;Rose PRO;Rennrad;10.11.18;15:57:16;14:43:02;75;183;Training;01:14:14
;911,2;52,71226;;488,2;51,426;245;48,80683855;48,71544496;9,561124379;9,460503487;24,56714144;Rose PRO;Rennrad;27.05.17;19:37:54;17:13:04;73;183;Training;02:24:50
;551;37,90734;;502,2;56,7;255,2;48,80458742;48,70850785;9,608496716;9,49052277;26,49203548;Rose PRO;Rennrad;24.04.19;17:32:46;15:50:18;75;183;Training;01:42:28
;192;35,30041;;462,8;38,8656;374;48,79811341;48,70362799;9,517271686;9,170642188;23,19864078;Stevens Elite;Trecking;13.09.19;19:06:22;17:36:33;73;183;Pendeln;01:29:49
;669,8;47,65028;;505,2;50,454;254,2;48,79934002;48,70362975;9,561139969;9,379709568;25,69358175;Rose PRO;Rennrad;02.04.18;13:46:17;11:48:15;74;183;Training;01:58:02
;262,6;35,89811;;334,4;40,14;241,8;48,80002339;48,70365305;9,517295575;9,170750482;22,93762086;Stevens Elite;Trecking;28.07.20;19:13:23;17:40:09;73;183;Pendeln;01:33:14
;1256,6;74,58274;;795,6;56,0628;273,6;48,71904365;48,54607629;9,621120784;9,497024696;26,02380704;Rose PRO;Rennrad;12.07.20;13:56:30;10:37:38;73;183;Training;03:18:52
;191,8;34,84457;;360,2;40,176;259,2;48,79828717;48,7036668;9,517376795;9,170690468;21,6353605;Stevens Elite;Trecking;19.04.18;08:24:38;06:48:21;73;183;Pendeln;01:36:17
;466,8;42,98578;;398,4;56,5992;254,4;48,72549151;48,63939872;9,629443092;9,514868846;26,96767757;Rose PRO;Rennrad;24.04.20;15:16:58;13:38:17;74;183;Training;01:38:41
;373;35,45992;;269,4;38,9664;136,2;48,80004267;48,70365129;9,517235309;9,170874786;21,12256106;Stevens Elite;Trecking;30.06.17;20:35:42;18:52:12;73;183;Pendeln;01:43:30
;284,6;24,40178;;485;61,5384;278;48,76656233;48,7154639;9,561137538;9,49057918;29,12323951;Rose PRO;Rennrad;04.08.18;09:05:41;08:10:26;73;183;Training;00:55:15
;202,4;14,16321;;373,2;29,8944;283,2;48,7171656;48,70317033;9,536965219;9,477965757;12,46223032;CUBE AIM RACE;MTB;31.12.18;15:50:35;14:25:41;76;183;Training;01:24:54
;224,4;36,09483;;378,6;40,41;261;48,79831474;48,70368138;9,523435738;9,170893393;21,42295796;Stevens Elite;Trecking;16.10.18;19:08:42;17:29:15;74;183;Pendeln;01:39:27
;2072,6;59,96428;;2261,8;47,5308;1533,8;46,55373302;46,48160809;11,88756108;11,75682644;19,17953332;Rose PRO;Rennrad;18.07.16;15:08:09;10:21:21;73;183;Training;04:46:48
;847,4;55,92074;;535,6;59,8932;258,6;48,81283656;48,70266826;9,60848473;9,389318079;26,66263937;Rose PRO;Rennrad;01.11.19;12:42:59;10:18:51;74;183;Training;02:24:08
;263,4;35,40041;;342;37,7208;241,8;48,79828851;48,70366721;9,516492672;9,17063741;20,16267523;Stevens Elite;Trecking;26.05.17;16:57:24;15:12:52;73;183;Pendeln;01:44:32
;627,8;27,12433;;482,6;51,3252;225,6;48,79746943;48,71548159;9,532083683;9,460423691;24,28510075;Rose PRO;Rennrad;21.12.19;15:07:01;13:46:03;75;183;Training;01:20:58
;195,6;35,34657;;364,2;41,9544;257,2;48,79827476;48,70366135;9,517341843;9,170791302;23,92138773;Stevens Elite;Trecking;22.07.19;08:55:59;07:27:29;73;183;Pendeln;01:28:30
;302;35,26934;;391,2;40,0068;259,8;48,79819605;48,70364718;9,517330108;9,170769509;23,7192622;Stevens Elite;Trecking;23.08.19;18:57:45;17:29:18;73;183;Pendeln;01:28:27
;358,6;14,22792;;425,2;40,2408;260;48,74683301;48,71394385;9,517302532;9,486200893;17,53605968;CUBE AIM RACE;MTB;06.04.20;16:08:29;15:14:09;75;183;Training;00:54:20
;762,4;61,1176;;472,4;52,7724;253,6;48,77385241;48,6314391;9,62521526;9,476639237;25,30767704;Rose PRO;Rennrad;27.06.20;16:31:01;13:56:05;73;183;Training;02:34:56
;1661;101,16144;;485,6;53,7444;198,6;48,82231775;48,70890163;9,588935366;9,268317595;23,72260469;Rose PRO;Rennrad;28.04.19;11:44:08;07:00:43;74;183;Training;04:43:25
;248,2;35,41315;;401,2;39,0996;263;48,79814778;48,70366537;9,517124919;9,17050397;22,93052903;Stevens Elite;Trecking;04.06.18;20:12:45;18:42:49;73;183;Pendeln;01:29:56
;556,2;32,50797;;488,2;53,6112;281,4;48,7663268;48,71549852;9,560297923;9,490630394;25,02900855;Rose PRO;Rennrad;09.07.16;18:56:00;17:35:58;73;183;Training;01:20:02
;234;35,40561;;371;36,9828;252,2;48,79829924;48,70375036;9,517272357;9,170829607;20,1527499;Stevens Elite;Trecking;21.08.19;19:21:34;17:38:15;73;183;Pendeln;01:43:19
;905,8;56,60322;;664,6;55,1232;282,6;48,71720642;48,6001606;9,657768393;9,49763733;27,14437405;Rose PRO;Rennrad;20.10.19;15:39:36;13:19:38;74;183;Training;02:19:58
;417;25,03675;;519;48,6396;308,4;48,76651665;48,71702386;9,561190763;9,490579851;25,6722527;Rose PRO;Rennrad;22.03.20;14:06:25;13:01:45;75;183;Training;01:04:40
;166,2;34,91304;;342,6;41,3496;252,2;48,79824735;48,70365263;9,517271519;9,170871601;23,68553132;Stevens Elite;Trecking;05.06.18;08:32:49;07:04:03;73;183;Pendeln;01:28:46
;4866,4;250,83848;;820;61,7724;298,2;48,87835077;48,5448418;9,99063137;9,606780102;27,2402766;Rose PRO;Rennrad;25.06.17;18:17:51;05:31:11;73;183;Race;12:46:40
;553,8;39,32151;;530;49,6476;261,6;48,81367844;48,71704834;9,561899705;9,460495356;24,95760646;Rose PRO;Rennrad;14.03.20;14:34:05;12:50:21;75;183;Training;01:43:44
;145;34,90439;;367;38,7648;275,6;48,79825037;48,70362053;9,517275291;9,17085995;22,82676599;Stevens Elite;Trecking;27.06.19;08:18:45;06:47:42;73;183;Pendeln;01:31:03
;156;35,01129;;317,8;37,62;228;48,79826982;48,70367434;9,517265903;9,170871768;23,0570347;Stevens Elite;Trecking;24.05.19;08:51:39;07:19:16;74;183;Pendeln;01:32:23
;243,2;34,93155;;331;37,9584;246,8;48,79829815;48,70364903;9,517284762;9,17036768;22,19394667;Stevens Elite;Trecking;05.07.17;21:30:24;19:55:39;73;183;Pendeln;01:34:45
;159,4;34,8013;;317,6;38,0592;229,4;48,79818306;48,70365757;9,517332036;9,170874031;23,49336362;Stevens Elite;Trecking;27.09.18;08:59:15;07:30:18;73;183;Pendeln;01:28:57
;672;41,89438;;509,6;55,2888;259,4;48,79749164;48,70273506;9,58442213;9,460421847;26,90503666;Rose PRO;Rennrad;21.09.19;14:20:41;12:34:40;73;183;Training;01:46:01
;587,6;48,33802;;525,2;57,204;292,4;48,78278534;48,7077725;9,645313472;9,506503707;26,43340339;Rose PRO;Rennrad;28.05.20;15:51:32;13:54:42;73;183;Training;01:56:50
;1918,8;130,60158;;814;57,3048;265,8;48,75590064;48,54323859;9,924129518;9,512987947;27,21935666;Rose PRO;Rennrad;25.05.17;12:36:56;06:55:55;73;183;Training;05:41:01
;203,8;34,66066;;319,2;41,148;229,6;48,79825816;48,70365556;9,517218629;9,170757439;24,42025732;Stevens Elite;Trecking;11.05.17;08:09:23;06:44:42;74;183;Pendeln;01:24:41
;244,8;34,9582;;311,2;38,9304;223;48,79833369;48,70367107;9,517240003;9,169917824;23,23303408;Rose PRO;Rennrad;28.07.17;19:55:32;18:25:45;73;183;Training;01:29:47
;214,2;14,30438;;382,4;39,9744;278,4;48,71902462;48,69469866;9,538108092;9,472961677;20,829825;Rose PRO;Rennrad;21.04.20;09:23:26;08:38:57;74;183;Training;00:44:29
;490;40,86532;;399,8;50,3856;267;48,71905035;48,62002487;9,567354061;9,504347881;26,30837563;Rose PRO;Rennrad;28.05.17;09:15:23;07:35:15;73;183;Training;01:40:08
;315,8;12,26983;;530,2;37,62;332;48,74673938;48,71393337;9,516906319;9,485954717;17,89259218;CUBE AIM RACE;MTB;24.03.20;16:08:47;15:21:57;75;183;Training;00:46:50
;150,8;34,97137;;320;39,0312;227,4;48,79826537;48,70361466;9,517297084;9,170826506;23,02904414;Stevens Elite;Trecking;14.06.19;08:23:21;06:51:30;73;183;Pendeln;01:31:51
;787,4;46,38954;;489;58,6152;237;48,8044876;48,70849092;9,608462267;9,460384967;26,39294676;Rose PRO;Rennrad;31.08.19;14:39:29;12:35:27;73;183;Training;02:04:02
;1123,4;102,59554;;485;53,9784;263,8;48,76648514;48,55448459;9,566920549;9,326934842;26,43108542;Rose PRO;Rennrad;30.07.17;11:21:28;07:15:46;73;183;Training;04:05:42
;416,2;19,4229;;524;40,0068;311,6;48,75842669;48,713927;9,524300247;9,480492733;19,25292747;Rose PRO;Rennrad;13.05.20;12:43:55;11:35:38;73;183;Training;01:08:17
;582,4;40,0281;;496,4;57,8772;257,6;48,79159413;48,71550137;9,560282668;9,404851506;27,42747297;Rose PRO;Rennrad;27.01.18;16:23:03;14:48:13;75;183;Training;01:34:50
;233,2;35,31678;;367,8;38,5956;252,6;48,79811534;48,70362774;9,517298257;9,170640763;21,68299915;Stevens Elite;Trecking;20.03.20;17:57:08;16:22:13;75;183;Pendeln;01:34:55
;1614,8;37,71624;;2043,6;43,938;536,4;46,65119478;46,48768782;11,00358143;10,68679017;15,39489026;CUBE AIM RACE;MTB;17.07.16;11:55:08;09:09:42;73;183;Training;02:45:26
;329,6;25,30782;;405,6;44,9424;280,2;48,72041945;48,68198927;9,584304113;9,465970667;20,22682768;Rose PRO;Rennrad;09.12.18;11:00:32;09:43:10;75;183;Training;01:17:22
128,4186978;843,6;91,06932;171;111,6;53,4096;-13,8;54,26281756;54,017882;10,7889017;10,66433597;25,55002948;Giant;Rennrad;09.05.19;15:02:56;09:47:26;74;183;Training;05:15:30
;248,8;35,2425;;273;38,5956;185;48,79819555;48,70359387;9,517208571;9,170443872;22,55019567;Stevens Elite;Trecking;17.04.18;19:02:53;17:33:06;73;183;Pendeln;01:29:47
;730,2;48,33104;;493,8;52,434;247,8;48,80345712;48,71548126;9,561115159;9,460388822;25,50019237;Rose PRO;Rennrad;10.07.16;14:00:02;12:02:17;73;183;Training;01:57:45
;813,2;61,18051;;495,8;54,0468;261,8;48,76648639;48,6383488;9,651860995;9,463395663;25,59115294;Rose PRO;Rennrad;04.04.20;15:54:33;13:22:23;75;183;Training;02:32:10
;296,6;24,47885;;497,8;52,3332;276,2;48,76648095;48,71545351;9,561145669;9,49067398;26,50142479;Rose PRO;Rennrad;23.10.16;12:14:13;11:17:37;74;183;Training;00:56:36
;431,8;20,05825;;501,6;48,7404;266,8;48,76652034;48,70841489;9,519581906;9,463538406;22,86125379;Rose PRO;Rennrad;09.02.20;14:50:55;13:51:01;75;183;Training;00:59:54
;243;35,29396;;392,4;39,4344;264,8;48,79813151;48,70363964;9,517279817;9,170289729;21,22454344;Stevens Elite;Trecking;18.03.20;18:30:38;16:51:52;75;183;Pendeln;01:38:46
;177,8;12,35334;;326,8;34,4988;259,6;48,71733651;48,69982889;9,517299766;9,46593496;18,18480779;Rose PRO;Rennrad;24.11.19;15:06:32;14:25:41;75;183;Training;00:40:51
;226;36,75832;;380,4;39,906;262,2;48,79821072;48,70373628;9,523455855;9,17059483;22,82603578;Stevens Elite;Trecking;28.08.18;20:30:08;18:56:10;70;183;Pendeln;01:33:58
;2340,2;113,57798;;1866,2;52,3332;176,6;44,18111295;44,03489057;5,41303684;5,101788361;23,99881928;Rose PRO;Rennrad;18.06.19;13:15:43;07:23:43;73;183;Training;05:52:00
;2021,6;134,23974;;720,8;61,0344;257;48,81002937;48,66916076;10,16359798;9,601577204;26,45184753;Rose PRO;Rennrad;30.04.17;15:23:47;08:17:52;74;183;Training;07:05:55
;246,2;15,53121;;445,2;40,0068;291,2;48,73669879;48,70884798;9,517316027;9,473104086;16,9619979;CUBE AIM RACE;MTB;23.05.20;12:13:04;11:10:10;73;183;Training;01:02:54
;777,4;37,34193;;495,4;53,2404;242,4;48,79746599;48,71694566;9,561059838;9,46044473;26,4945189;Rose PRO;Rennrad;15.09.17;14:12:12;12:35:53;73;183;Training;01:36:19
;204,4;34,63358;;314,6;39,9384;221,2;48,7982979;48,70363402;9,517253917;9,170968328;24,83992182;Stevens Elite;Trecking;07.08.17;08:22:22;06:58:38;73;183;Pendeln;01:23:44
;204,4;35,84772;;315;41,5512;221,8;48,80002792;48,70363696;9,517305885;9,170619557;24,50280376;Stevens Elite;Trecking;28.07.20;09:35:13;08:07:26;73;183;Pendeln;01:27:47
;100,8;3,81449;;310,4;32,886;235,2;48,7171578;48,70846007;9,517301191;9,473674642;21,28970583;Rose PRO;Rennrad;03.11.16;08:06:43;07:56:27;75;183;Training;00:10:16
;226,4;34,88815;;322,4;38,5632;228,6;48,7983041;48,70365908;9,517246457;9,170846287;23,1109425;Stevens Elite;Trecking;17.10.17;09:36:01;08:04:11;74;183;Pendeln;01:31:50
129,1362196;727,6;50,7256;170;505,2;55,4904;279,8;48,76646862;48,65404685;9,561231583;9,457391286;26,69599958;Rose PRO;Rennrad;21.05.18;09:50:11;07:48:41;73;183;Training;02:01:30
;1989,4;100,49256;;815,8;60,7644;400,8;48,64336847;48,52359217;9,746123962;9,431766467;26,50032445;Rose PRO;Rennrad;28.06.20;15:49:08;09:42:20;73;183;Training;06:06:48
;198,6;35,77075;;406;39,4344;312;48,79825196;48,7036274;9,517183928;9,170136843;22,75387407;Stevens Elite;Trecking;14.06.19;16:59:17;15:25:40;73;183;Pendeln;01:33:37
;192,8;34,60718;;314;40,0752;215,4;48,79829588;48,703659;9,517288366;9,171127668;23,119515;Stevens Elite;Trecking;03.04.17;09:02:25;07:35:05;75;183;Pendeln;01:27:20
;385,2;33,27967;;392,4;44,2044;268,6;48,72039129;48,66606968;9,625167148;9,514853423;25,1056566;Rose PRO;Rennrad;02.05.20;14:35:58;13:13:00;74;183;Training;01:22:58
;244,8;34,93293;;284;39,132;189,6;48,79832723;48,70367249;9,517211672;9,170635063;21,83184301;Stevens Elite;Trecking;16.03.17;19:01:20;17:26:37;75;183;Pendeln;01:34:43
;225,4;12,22875;;370,2;29,0232;299,8;48,71751797;48,69984733;9,523225771;9,468247695;12,38072663;CUBE AIM RACE;MTB;01.06.19;12:28:01;11:13:12;74;183;Training;01:14:49
;162,2;35,00671;;320,6;40,5756;230,8;48,79829982;48,70367895;9,51728493;9,170847544;22,76293729;Stevens Elite;Trecking;17.05.19;09:08:53;07:37:29;74;183;Pendeln;01:31:24
;276,4;34,92096;;371,4;38,2932;244,4;48,79830862;48,70365967;9,517295491;9,170592651;22,90382575;Stevens Elite;Trecking;06.07.17;20:59:34;19:30:20;73;183;Pendeln;01:29:14
;242;34,8767;;327,4;39,636;233,6;48,79832027;48,70368917;9,517261796;9,170459462;23,63916574;Stevens Elite;Trecking;18.05.17;19:37:30;18:09:28;73;183;Pendeln;01:28:02
;310,4;24,48496;;503,4;64,4256;297,4;48,76650115;48,71543658;9,561156649;9,490680266;30,90146777;Rose PRO;Rennrad;08.07.18;18:49:26;17:58:17;73;183;Training;00:51:09
;66,2;5,70298;;292,2;38,16;249,6;48,71895597;48,71427124;9,538012454;9,51475326;20,35167014;Rose PRO;Rennrad;17.08.19;09:28:11;09:03:32;73;183;Training;00:24:39
;426,2;27,49822;;485,8;48,0024;256,8;48,76622119;48,70842386;9,561085654;9,463502532;23,92016201;Rose PRO;Rennrad;24.02.18;16:48:50;15:36:13;74;183;Training;01:12:37
;219;36,48139;;372,4;39,3012;260,6;48,79819949;48,70367509;9,523481587;9,170799097;23,4787334;Stevens Elite;Trecking;27.09.18;20:06:37;18:33:46;73;183;Pendeln;01:32:51
;280;36,08056;;427,4;39,4344;265,8;48,79839596;48,70362229;9,517315105;9,170668675;22,64638756;Stevens Elite;Trecking;15.07.19;20:12:20;18:36:54;73;183;Pendeln;01:35:26
;717,4;42,39907;;463,4;48,8412;165,2;48,79925243;48,70363008;9,520412553;9,379840996;25,30317731;Rose PRO;Rennrad;03.02.18;14:29:02;12:41:58;74;183;Training;01:47:04
;885,2;50,15187;;549;50,9904;292,4;48,80686973;48,71703057;9,52849891;9,404820409;26,7130595;Rose PRO;Rennrad;21.10.18;13:49:58;11:43:37;75;183;Training;02:06:21
118,9319699;1088,6;63,1153;165;1581,8;62,5464;994,2;47,13635199;46,9634728;11,01221345;10,9228544;28,25387416;Rose PRO;Rennrad;26.07.18;13:11:38;09:31:59;73;183;Training;03:39:39
;503,2;33,66398;;515,4;56,1312;294,8;48,7665278;48,68564294;9,617637517;9,49061539;26,99897323;Rose PRO;Rennrad;04.11.18;15:38:35;14:18:10;75;183;Training;01:20:25
;264,2;35,84254;;296,4;37,3536;204,6;48,8000187;48,70363754;9,517236818;9,170882748;22,50070754;Stevens Elite;Trecking;17.07.20;18:37:31;17:04:49;73;183;Pendeln;01:32:42
;462,8;32,13959;;496,8;47,934;287;48,76635983;48,71549936;9,561165702;9,490795936;25,25151921;Rose PRO;Rennrad;05.06.16;14:00:50;12:44:24;73;183;Training;01:16:26
;245,2;34,89401;;343,8;38,9664;255,6;48,79830628;48,70365649;9,517302699;9,170598434;24,145875;Stevens Elite;Trecking;23.05.17;19:13:30;17:48:25;73;183;Pendeln;01:25:05
;150,4;35,17382;;316;40,1076;218,6;48,79829907;48,70364198;9,517280068;9,170778478;23,43896358;Stevens Elite;Trecking;15.07.19;10:03:29;08:34:00;73;183;Pendeln;01:29:29
;350,2;27,71632;;399,8;51,0228;278;48,72038634;48,67307662;9,625174608;9,51489835;26,19340645;Rose PRO;Rennrad;14.05.20;15:20:29;14:13:09;73;183;Training;01:07:20
;221,2;35,40081;;363,6;42,2244;250,6;48,79818927;48,7036093;9,517229861;9,170766911;23,85245902;Stevens Elite;Trecking;18.07.19;20:26:55;18:58:26;73;183;Pendeln;01:28:29
;563,8;36,37775;;472,6;54,684;245,4;48,79159849;48,71545779;9,532073541;9,404832814;27,7801462;Rose PRO;Rennrad;15.10.17;15:14:37;13:50:33;74;183;Pendeln;01:24:04
;253;10,04175;;394,6;39,7728;263,2;48,7367407;48,71393957;9,516808586;9,489323152;16,42881518;CUBE AIM RACE;MTB;30.04.20;14:14:20;13:33:33;74;183;Training;00:40:47
;627;45,17447;;1246,8;50,2848;736,4;47,28743076;47,15745519;12,8342118;12,74949247;26,11459555;Rose PRO;Rennrad;03.06.17;18:21:24;16:17:01;73;183;Training;02:04:23
123,9411415;626,6;42,41394;165;526;51,5952;296,8;48,78277578;48,70849947;9,641830204;9,50649742;24,42714293;Rose PRO;Rennrad;12.05.18;19:36:51;17:46:14;73;183;Training;01:50:37
;999;59,42954;;770;51,5628;272,2;48,71905421;48,57439823;9,577808389;9,497023858;24,2218808;Rose PRO;Rennrad;04.07.20;18:30:22;15:47:02;73;183;Training;02:43:20
;275,4;35,36697;;423,2;44,3736;259,8;48,79832597;48,70361508;9,517231705;9,170697089;22,13477125;Stevens Elite;Trecking;27.06.19;21:14:39;19:40:50;73;183;Pendeln;01:33:49
;154,2;35,01156;;324,4;42,1236;232,4;48,79827761;48,70362463;9,517272525;9,170768503;22,73901555;Stevens Elite;Trecking;05.06.19;07:45:22;06:15:23;73;183;Pendeln;01:29:59
;245,8;34,86605;;352;38,3256;260;48,7982937;48,70366001;9,51713833;9,17080991;22,42800777;Stevens Elite;Trecking;24.05.17;19:34:09;18:01:11;73;183;Pendeln;01:32:58
;160,6;35,68667;;337,4;39,672;244,8;48,7982616;48,70362002;9,517307142;9,170921054;21,6154086;Stevens Elite;Trecking;18.06.18;08:56:13;07:18:10;73;183;Pendeln;01:38:03
;241;34,79488;;361,6;39,2004;273;48,79828926;48,70364911;9,517228687;9,170507072;23,79028704;Stevens Elite;Trecking;17.07.17;20:31:41;19:05:03;73;183;Pendeln;01:26:38
;248,2;24,31641;;495,2;43,7364;272,4;48,7661248;48,71547237;9,561046595;9,490750339;26,39308506;Rose PRO;Rennrad;17.04.17;09:58:36;09:03:35;75;183;Training;00:55:01
;3795,2;208,8906;;751,2;59,8932;280,2;48,87839595;48,55485038;10,0585444;9,65564291;25,5007666;Rose PRO;Rennrad;26.06.16;16:07:57;05:48:30;73;183;Race;10:19:27
;44,8;15,94302;;911,6;35,136;741;47,50625627;47,40649335;10,28297279;10,24754936;15,63780984;CUBE AIM RACE;MTB;11.08.19;11:09:55;09:54:38;73;183;Training;01:15:17
;196,2;35,1139;;332,4;39,7728;242,6;48,7982958;48,7036181;9,517116118;9,170466503;22,47713963;Stevens Elite;Trecking;02.05.18;19:16:42;17:43:22;73;183;Pendeln;01:33:20
;252,4;35,27613;;354,4;39,7728;270,4;48,79814048;48,70364534;9,517171355;9,17056256;24,02867139;Stevens Elite;Trecking;04.06.20;19:32:09;18:04:21;72;183;Pendeln;01:27:48
;353,4;16,3962;;466,2;39,2328;273,8;48,74395232;48,71117254;9,517309237;9,473059578;18,67776995;Rose PRO;Rennrad;03.04.20;14:18:24;13:21:52;75;183;Training;00:56:32
;250,4;10,73033;;392,6;31,7088;234,6;48,74364881;48,71396539;9,517351817;9,494071836;17,29044649;CUBE AIM RACE;MTB;09.11.19;13:49:14;13:12:22;75;183;Training;00:36:52
;549,2;35,05091;;495,2;52,1676;255,2;48,79155717;48,71703702;9,517571423;9,404855613;26,41051531;Rose PRO;Rennrad;15.02.20;15:44:15;14:15:32;75;183;Training;01:28:43
;272,8;10,91717;;1565;48,942;1388,6;46,96352938;46,93391369;11,02886285;11,00905591;23,50382045;Rose PRO;Rennrad;01.09.18;12:00:14;11:28:11;70;183;Training;00:32:03
;155,4;34,8876;;309,8;38,2932;211,8;48,79822606;48,70365917;9,517257521;9,170850897;22,12327146;Stevens Elite;Trecking;02.05.18;08:14:34;06:39:31;73;183;Pendeln;01:35:03
;252,6;35,07201;;333,2;40,4424;239;48,79832665;48,70364852;9,517214606;9,170468766;23,60857263;Stevens Elite;Trecking;04.08.17;20:14:34;18:46:34;73;183;Pendeln;01:28:00
;241,6;34,82491;;284;38,394;190,6;48,79829882;48,70363327;9,517279398;9,170688791;23,39506029;Stevens Elite;Trecking;15.03.17;18:47:26;17:20:18;75;183;Pendeln;01:27:08
;212,6;34,61226;;320,2;40,878;222,2;48,79829773;48,70365263;9,517431529;9,170740088;22,42069875;Stevens Elite;Trecking;04.04.17;09:24:32;07:48:58;75;183;Pendeln;01:35:34
118,6451319;159,8;34,83971;154;318,4;37,2852;229,2;48,79822615;48,70363302;9,517280739;9,170814771;22,28516615;Stevens Elite;Trecking;11.05.18;08:16:06;06:43:03;73;183;Pendeln;01:33:03
;416,8;24,66767;;477,8;45,2448;279,4;48,75590483;48,71546558;9,561092947;9,506516783;22,90291549;Rose PRO;Rennrad;11.06.16;14:05:52;13:02:16;73;183;Training;01:03:36
;5508,8;268,30928;;811,2;64,3248;308,6;48,79510707;48,52361354;9,931446165;9,377312344;28,07889768;Rose PRO;Rennrad;24.06.18;18:17:10;05:40:24;73;183;Race;12:36:46
;387,4;22,87681;;407,4;42,9624;274;48,71740918;48,66602316;9,565025484;9,51166478;23,74183734;Rose PRO;Rennrad;18.03.18;17:01:13;16:02:15;74;183;Training;00:58:58
;38,8;7,86847;;930,2;36,4788;313,6;48,80093954;48,71468514;9,525737325;9,173887493;19,53422679;Rose PRO;Rennrad;23.07.19;22:03:16;21:00:15;73;183;Training;01:03:01
;224,8;36,01098;;353,2;41,6844;242;48,79829228;48,70362095;9,51718552;9,170436244;23,17674592;Stevens Elite;Trecking;10.07.19;20:25:42;18:53:25;73;183;Pendeln;01:32:17
;218,6;36,72267;;370,4;40,4424;253;48,79821114;48,7036248;9,523436576;9,170503551;23,43647923;Stevens Elite;Trecking;23.08.18;19:38:58;18:05:41;71;183;Pendeln;01:33:17
;184,6;35,11658;;322;36,6804;215,8;48,79825557;48,70366177;9,517177977;9,170653839;20,09082269;Stevens Elite;Trecking;01.08.18;09:03:21;06:24:44;73;183;Pendeln;02:38:37
;257,2;36,37722;;398,2;37,9908;270,6;48,79820067;48,70363461;9,517197926;9,170600194;21,02990579;Stevens Elite;Trecking;08.07.19;21:10:39;19:26:58;73;183;Pendeln;01:43:41
;593,4;28,3105;;432,6;56,8692;238,4;48,76652076;48,71700944;9,519571094;9,49054867;27,69582141;Rose PRO;Rennrad;07.10.18;13:02:37;11:52:54;73;183;Training;01:09:43
;5399,4;219,32768;;2445,2;75,1068;657,2;47,24961002;46,81276241;11,50926626;10,87804819;27,89230057;Rose PRO;Rennrad;27.07.18;18:32:46;06:01:47;73;183;Training;12:30:59
;577;30,79268;;459,6;56,6352;226,6;48,81129479;48,70891261;9,516882347;9,3939008;23,44706165;Rose PRO;Rennrad;26.06.20;18:05:40;16:41:02;73;183;Training;01:24:38
;294,8;24,36735;;457;55,6596;247,8;48,76648849;48,71544178;9,56120342;9,490555711;28,1756749;Rose PRO;Rennrad;18.10.17;16:56:14;16:01:29;74;183;Training;00:54:45
;347;17,15145;;464,2;39,672;252,8;48,7565877;48,71117212;9,517422309;9,480494326;18,23486087;Rose PRO;Rennrad;05.06.20;15:22:32;14:21:45;72;183;Training;01:00:47
;660,2;44,24998;;525,8;54,216;315,6;48,74619464;48,66375494;9,625193384;9,463395327;24,77090977;Rose PRO;Rennrad;11.07.20;18:33:09;16:37:17;73;183;Training;01:55:52
;298,8;24,3381;;397,2;33,5916;291,2;48,73666056;48,70161692;9,560142774;9,465957424;15,72779854;CUBE AIM RACE;MTB;12.01.19;14:57:18;13:13:25;76;183;Training;01:43:53
;697;33,9917;;479,4;44,2404;242,4;48,77858592;48,71392775;9,582676934;9,481788576;18,24805852;Rose PRO;Rennrad;01.05.20;14:54:50;12:51:26;74;183;Training;02:03:24
129,3039099;4267,4;228,9409;163;794,8;64,494;314;48,79504362;48,52358663;9,931420181;9,377387781;26,39395335;Rose PRO;Rennrad;30.06.19;17:48:30;05:15:22;73;183;Race;12:33:08
130,5673203;365,2;20,15084;157;520,4;63,72;310,8;48,76618582;48,71545846;9,56086915;9,490783783;28,83384273;Rose PRO;Rennrad;13.05.18;10:31:12;09:38:58;73;183;Training;00:52:14
;252,2;16,28517;;391;39,2328;267,8;48,71895421;48,67904495;9,542259481;9,503283547;24,04112848;Rose PRO;Rennrad;15.01.17;16:15:29;15:32:41;76;183;Training;00:42:48
;212,4;35,31722;;280,6;39,2004;196,4;48,79814995;48,70362983;9,517303873;9,171029264;21,30483019;Stevens Elite;Trecking;16.03.20;18:31:08;16:54:52;75;183;Pendeln;01:36:16
;208,2;35,31076;;339;37,656;241,4;48,79817502;48,70364877;9,517208822;9,170555938;21,80801274;Stevens Elite;Trecking;22.08.19;17:11:00;15:33:01;73;183;Pendeln;01:37:59
;225,4;36,6238;;376,4;41,3172;257,6;48,79824182;48,70366068;9,523418304;9,170742352;23,57100771;Stevens Elite;Trecking;11.09.18;19:30:57;17:57:51;70;183;Pendeln;01:33:06
;525,6;40,97918;;490,8;50,9904;290,8;48,74633051;48,6637577;9,625181984;9,506490882;25,91907335;Rose PRO;Rennrad;03.07.20;18:48:28;17:08:16;73;183;Training;01:40:12
;190,6;34,62428;;314,6;40,7448;218,6;48,79821324;48,70362975;9,517169092;9,170864141;23,17427881;Stevens Elite;Trecking;13.07.17;08:39:19;07:11:02;73;183;Pendeln;01:28:17
;231,4;36,78433;;369,6;41,7528;255;48,79820209;48,70364182;9,523536405;9,171257587;23,32404603;Stevens Elite;Trecking;21.06.18;20:24:39;18:51:29;73;183;Pendeln;01:33:10
;131,4;2,83576;;582,6;26,838;485,8;46,65132335;46,63843056;11,00742982;11,00013488;13,14014211;CUBE AIM RACE;MTB;08.08.18;16:11:44;15:54:09;73;183;Training;00:17:35
;244,4;34,95417;;344,2;37,1844;253,8;48,79819932;48,70365548;9,517285097;9,170628358;22,5328649;Stevens Elite;Trecking;22.05.17;20:26:48;18:54:22;73;183;Pendeln;01:32:26
133,6633907;732,6;67,33909;168;554,6;57,4056;299;48,79839194;48,70778365;9,7461305;9,514848646;27,76864334;Rose PRO;Rennrad;01.06.19;19:01:08;16:26:39;74;183;Training;02:34:29
119,2572732;639,6;58,3749;149;1355,2;66,1068;841,8;47,19303628;46,96349535;11,0120982;10,90507488;31,22586667;Rose PRO;Rennrad;22.07.20;12:46:34;09:40:51;73;183;Training;03:05:43
;220,4;12,97551;;340,8;42,6924;235,6;48,71895949;48,70321166;9,538113205;9,472706784;20,0176848;Rose PRO;Rennrad;28.04.20;14:03:50;13:20:13;74;183;Training;00:43:37
;246,6;12,92149;;412;38,394;238;48,74692555;48,71391778;9,517149059;9,492041068;18,42576899;Rose PRO;Rennrad;16.11.19;16:17:44;15:32:13;75;183;Training;00:45:31
140,9290383;280,2;24,39759;179;486,6;47,5308;279,6;48,76621817;48,71543574;9,561126893;9,490808425;26,9871558;Rose PRO;Rennrad;29.05.16;12:30:25;11:36:14;74;183;Training;00:54:11
;560,6;31,79397;;524;58,8852;291,6;48,79155717;48,70830073;9,517546445;9,404892325;26,169392;Rose PRO;Rennrad;03.03.19;14:21:16;12:59:51;75;183;Training;01:21:25
;190;35,28304;;324;37,656;236,6;48,79823436;48,70365732;9,517241847;9,170428533;21,5888017;Stevens Elite;Trecking;05.06.19;20:55:49;19:16:41;73;183;Pendeln;01:39:08
;30,6;8,6965;;290,4;68,1552;244,4;48,8000508;48,7730708;9,242449533;9,170556776;21,68605036;Stevens Elite;Trecking;09.07.19;20:48:07;20:22:32;73;183;Training;00:25:35
131,1352886;196,4;35,21761;157;394,2;38,9664;305,4;48,79830007;48,70365238;9,51730404;9,170530206;21,86904428;Stevens Elite;Trecking;11.05.18;19:43:32;18:08:29;73;183;Pendeln;01:35:03
;226,8;35,37722;;364,6;39,4704;253,2;48,79814107;48,70364668;9,517217539;9,170339182;23,14080397;Stevens Elite;Trecking;05.06.18;22:11:30;20:41:30;73;183;Pendeln;01:30:00
;79,4;6,71139;;314,4;33,2892;266;48,71734556;48,70911252;9,51721075;9,478611667;16,36697872;CUBE AIM RACE;MTB;24.08.19;17:27:36;17:02:07;73;183;Training;00:25:29
;409,2;25,29267;;486,2;52,9056;285,8;48,76650047;48,71703895;9,561093198;9,490537606;25,201324;Rose PRO;Rennrad;29.07.20;19:23:38;18:14:34;73;183;Training;01:09:04
;1063,8;100,28028;;543;60,3972;211,6;48,81896256;48,70853023;9,733083732;9,385298872;30,48724313;Rose PRO;Rennrad;10.06.18;13:53:39;09:50:19;73;183;Training;04:03:20
;211;25,29601;;378,6;41,1804;271;48,73380762;48,70777879;9,645299139;9,514821991;26,46684507;Rose PRO;Rennrad;07.05.20;17:01:45;16:03:40;73;183;Training;00:58:05
;288,8;24,54461;;491;48,0672;280,6;48,76648975;48,71545183;9,56111189;9,490545737;26,96278989;Rose PRO;Rennrad;16.10.16;15:26:52;14:32:02;74;183;Training;00:54:50
;157,2;35,04402;;316,6;43,1316;226,6;48,7982611;48,70368063;9,517234219;9,170794738;23,43229815;Stevens Elite;Trecking;11.09.18;08:07:40;06:38:16;70;183;Pendeln;01:29:24
;981,6;108,40038;;495,8;60,1596;231,2;48,81711502;48,70776144;9,811290661;9,35039646;27,47661008;Rose PRO;Rennrad;25.04.20;14:50:00;10:30:31;74;183;Training;04:19:29
;199,2;34,62327;;317;40,7124;225,6;48,79826009;48,70364014;9,517304627;9,170800941;24,2230062;Stevens Elite;Trecking;04.08.17;08:17:50;06:52:06;73;183;Pendeln;01:25:44
;465,8;30,19957;;510,8;51,2244;292;48,76620166;48,71548251;9,56108951;9,490765929;26,40157926;Rose PRO;Rennrad;29.02.20;13:23:09;12:09:25;75;183;Training;01:13:44
;165;34,96083;;330,2;44,9784;240,4;48,79823243;48,70364861;9,517331952;9,170805886;23,50250627;Stevens Elite;Trecking;18.09.18;09:17:30;07:48:09;72;183;Pendeln;01:29:21
;200,8;34,76373;;293,8;36,108;199;48,79829253;48,70365774;9,516855357;9,170816615;21,49182628;Stevens Elite;Trecking;26.09.18;08:58:38;07:20:14;72;183;Pendeln;01:38:24
;1507,6;109,86132;;493,2;55,5912;218,4;48,88565375;48,70365447;9,526592027;8,959148498;26,34054304;Rose PRO;Rennrad;03.10.18;19:35:29;09:47:03;73;183;Training;09:48:26
;551,2;20,80299;;581,6;44,64;350,8;48,76651095;48,71392767;9,519509487;9,481669217;18,37464561;Rose PRO;Rennrad;29.12.18;14:15:23;12:56:43;76;183;Training;01:18:40
;2685,8;154,74748;;829,6;66,474;290,2;48,7204125;48,52364774;9,736216469;9,420183431;26,64020216;Rose PRO;Rennrad;31.05.20;16:42:01;09:43:24;73;183;Training;06:58:37
;209,8;35,35469;;353;39,9384;250,4;48,79830468;48,70367174;9,517242853;9,17077261;22,11269871;Stevens Elite;Trecking;02.08.19;20:37:14;19:02:26;73;183;Pendeln;01:34:48
;203,6;34,65757;;319,4;40,374;226,8;48,79828993;48,70365405;9,517359864;9,170813598;23,58841143;Stevens Elite;Trecking;12.04.17;08:39:28;07:08:35;75;183;Pendeln;01:30:53
;158,8;34,93754;;316,6;36,7128;221,6;48,79826085;48,70366571;9,517336395;9,170667417;21,62507089;Stevens Elite;Trecking;25.02.19;09:57:36;08:21:06;75;183;Pendeln;01:36:30
;127,2;6,90409;;307,6;33,894;203,4;48,80087541;48,71525746;9,526039325;9,170608073;17,65374868;Stevens Elite;Trecking;11.06.18;20:00:21;19:02:14;73;183;Training;00:58:07
;404,8;22,62444;;386,8;33,1884;284,6;48,71735469;48,67030439;9,524411559;9,451264283;14,80577622;CUBE AIM RACE;MTB;08.09.18;15:34:50;13:31:38;70;183;Training;02:03:12
;242,4;36,31303;;364,6;39,132;274,4;48,79830276;48,70364626;9,523566663;9,170807227;23,52675078;Stevens Elite;Trecking;16.05.17;19:26:57;17:53:34;74;183;Pendeln;01:33:23
125,5227092;512,4;33,86689;168;520,6;58,716;306;48,76652411;48,6856286;9,617671967;9,49064347;26,92032956;Rose PRO;Rennrad;09.09.18;10:26:16;09:07:14;70;183;Training;01:19:02
;325,6;35,30341;;400,4;40,3416;252;48,79811257;48,7036533;9,517284762;9,17073464;23,93017425;Stevens Elite;Trecking;19.09.19;18:40:49;17:14:42;73;183;Pendeln;01:26:07
;423,2;24,97578;;525,2;52,2;307,2;48,76616889;48,70270413;9,584300425;9,490793338;26,34009578;Rose PRO;Rennrad;31.10.17;13:15:29;12:15:22;74;183;Training;01:00:07
;501,6;41,73435;;493,2;48,5388;226,4;48,81931099;48,71706661;9,51756103;9,170945948;26,20309404;Carver Distaco 6000;Rennrad;22.07.18;10:22:26;08:32:24;73;183;Training;01:50:02
;705;74,36214;;1002,2;55,3248;556,4;46,65124213;46,60983947;11,00491516;10,5821701;22,67851301;Rose PRO;Rennrad;29.12.19;15:11:51;11:38:02;76;183;Training;03:33:49
;60;3,12274;;318;20,6928;270,2;48,71717121;48,7093333;9,524632338;9,512014054;10,60310289;CUBE AIM RACE;MTB;15.07.17;16:49:39;16:20:14;73;183;Training;00:29:25
;208,8;34,5542;;318,2;40,0392;210,4;48,79811919;48,70366453;9,517300855;9,170746543;24,16711187;Stevens Elite;Trecking;19.09.19;09:29:40;07:59:03;73;183;Pendeln;01:30:37
;151;35,04067;;306,2;42,66;218,4;48,79828474;48,7036274;9,517239835;9,170771353;23,63923242;Stevens Elite;Trecking;21.08.18;11:16:10;09:48:06;71;183;Pendeln;01:28:04
;163,4;35,0363;;339;41,6196;244,6;48,79828189;48,70366101;9,51722106;9,170841174;23,99085141;Stevens Elite;Trecking;02.07.19;09:49:48;08:22:47;73;183;Pendeln;01:27:01
;160,2;35,00265;;309,2;40,0068;216,2;48,79825096;48,70368465;9,51730689;9,17077898;22,64442985;Stevens Elite;Trecking;14.08.19;09:28:05;07:56:09;73;183;Pendeln;01:31:56
;243,2;34,76795;;335,2;42,2568;243,4;48,7983212;48,70365833;9,517274117;9,170906972;25,09537744;Stevens Elite;Trecking;02.06.17;18:57:48;17:35:56;73;183;Pendeln;01:21:52
;617,4;89,03284;;193,4;54,4824;-53,8;39,55571283;39,36848475;2,910358133;2,710001143;27,73236662;Mietrad - GHOST;Rennrad;30.03.17;15:10:46;10:07:43;75;183;Training;05:03:03
;337,2;15,92426;;502;47,934;326,6;48,76650249;48,71700936;9,519580146;9,49056644;24,75372358;Rose PRO;Rennrad;06.09.17;10:52:17;10:11:33;73;183;Training;00:40:44
;156;34,93731;;318,6;37,9584;232,8;48,7982922;48,70366361;9,517266406;9,170894986;20,76435983;Stevens Elite;Trecking;03.06.19;08:35:58;06:55:36;73;183;Pendeln;01:40:22
;322,4;24,50143;;487,2;47,664;255,2;48,76651095;48,71545393;9,561137874;9,490754614;25,56031654;Rose PRO;Rennrad;20.01.18;13:36:12;12:35:59;75;183;Training;01:00:13
;297,6;24,54325;;493,4;51,1596;273,2;48,76648488;48,71543448;9,561180202;9,490620168;26,80217345;Rose PRO;Rennrad;27.11.16;15:26:48;14:31:11;75;183;Training;00:55:37
;308,4;24,54302;;492,6;50,3532;268,6;48,76649863;48,71547237;9,561093533;9,490553951;25,7999541;Rose PRO;Rennrad;13.11.16;14:16:01;13:18:48;75;183;Training;00:57:13
;225,2;35,93287;;343,4;39,7044;246,8;48,79832262;48,70360326;9,517257521;9,170248741;20,06514034;Stevens Elite;Trecking;12.04.19;18:19:51;16:35:10;75;183;Pendeln;01:44:41
;275;35,19184;;348,4;37,8216;237,6;48,79820318;48,70363905;9,517296329;9,171571741;21,26772295;Stevens Elite;Trecking;17.10.17;18:41:56;17:04:28;74;183;Pendeln;01:37:28
;153,6;35,00187;;313,6;38,628;221,4;48,7981083;48,70363846;9,517091056;9,170789206;22,9903634;Stevens Elite;Trecking;20.03.20;09:55:49;08:24:57;75;183;Pendeln;01:30:52
;295,4;24,47072;;461,2;42,7608;240,4;48,76649033;48,71546684;9,561113399;9,490560992;22,48189987;Rose PRO;Rennrad;28.01.17;16:41:26;15:30:58;76;183;Training;01:10:28
;675;35,82942;;506;47,16;247,4;48,79748619;48,7170273;9,561142568;9,460419919;22,3819863;Rose PRO;Rennrad;06.01.18;12:19:47;10:34:16;75;183;Training;01:45:31
;1127;72,94766;;669,8;63,9216;289,2;48,7462731;48,58626466;9,736220324;9,506501611;26,56529892;Rose PRO;Rennrad;23.09.17;16:23:28;12:02:27;73;183;Training;04:21:01
;246,8;10,65368;;408;43,3656;277;48,73681152;48,7139337;9,51669761;9,49427384;18,8206814;Rose PRO;Rennrad;14.01.20;11:43:50;11:06:20;76;183;Training;00:37:30
;348,2;15,05444;;334,6;43,6356;172,4;48,71895597;48,69985077;9,538069954;9,468214838;20,00128874;Rose PRO;Rennrad;22.12.19;14:09:31;13:23:06;75;183;Training;00:46:25
;142,4;34,66618;;359,6;43,0632;273;48,79827367;48,70363561;9,517378053;9,170774035;23,90138509;Stevens Elite;Trecking;17.07.18;08:51:15;07:23:58;73;183;Pendeln;01:27:17
;1260,6;74,38619;;652;58,3812;265,6;48,71718748;48,58674109;9,621111564;9,44892481;26,41397913;Rose PRO;Rennrad;30.03.18;16:15:22;13:08:37;74;183;Training;03:06:45
;188,2;35,36226;;315,8;39,8736;228,6;48,79830351;48,70365146;9,517200356;9,170264583;24,01147895;Stevens Elite;Trecking;08.08.19;20:25:11;18:57:33;73;183;Pendeln;01:27:38
;1001;74,16675;;322;50,2848;179,8;48,94344463;48,71438272;9,535873979;9,197871387;26,31077071;Rose PRO;Rennrad;03.10.19;19:01:37;10:46:15;74;183;Training;08:15:22
;185,6;13,31922;;329,2;34,362;274,4;48,71731999;48,70399981;9,523469433;9,477326134;14,30229257;CUBE AIM RACE;MTB;19.04.20;12:02:00;10:54:46;74;183;Training;01:07:14
;204,2;35,25787;;328,6;37,2852;234,6;48,79815641;48,70367141;9,517211756;9,17002067;20,65718734;Stevens Elite;Trecking;15.05.19;20:03:29;18:23:30;74;183;Pendeln;01:39:59
;197,2;34,61067;;328;41,2164;237,8;48,79825766;48,70364366;9,517321978;9,170759702;23,96997495;Stevens Elite;Trecking;06.07.17;09:07:40;07:42:27;73;183;Pendeln;01:25:13
;301,8;24,2887;;418,6;47,4624;197,4;48,76652872;48,71550866;9,561232086;9,490574738;26,56382778;Rose PRO;Rennrad;23.12.18;12:02:36;11:04:51;75;183;Training;00:57:45
;214,2;35,34313;;352,6;39,0312;247,2;48,7982015;48,70361332;9,517319296;9,170673788;23,3536074;Stevens Elite;Trecking;02.07.19;21:01:58;19:33:37;73;183;Pendeln;01:28:21
;1170;110,08894;;479,2;56,4984;224,8;48,81271234;48,70829025;9,723550742;9,248787425;27,21930297;Rose PRO;Rennrad;22.04.18;11:58:37;07:12:02;73;183;Training;04:46:35
;582,2;41,40092;;483,6;51,3612;233,4;48,80466018;48,70849879;9,644701509;9,490743214;26,46197264;Rose PRO;Rennrad;02.07.17;12:30:00;10:51:31;73;183;Training;01:38:29
;245,8;35,08163;;456,8;40,9464;305;48,79833025;48,70361608;9,5175731;9,170728521;23,56683344;Stevens Elite;Trecking;09.07.18;08:26:00;06:56:13;73;183;Pendeln;01:29:47
;649,8;46,98685;;491,6;55,7604;229,8;48,81283094;48,71545619;9,56118959;9,38770121;26,69625497;Rose PRO;Rennrad;15.03.20;14:24:10;12:22:21;75;183;Training;02:01:49
;247,6;36,51275;;783;32,0436;253,8;44,09384008;44,03487842;5,413071709;5,17686775;18,55450414;Rose PRO;Rennrad;20.06.19;13:23:06;10:26:52;73;183;Training;02:56:14
;932,8;66,63227;;500,6;55,0548;253,6;48,80891693;48,66608243;9,656540947;9,494324718;27,22395319;Rose PRO;Rennrad;05.04.20;13:48:07;10:57:46;75;183;Training;02:50:21
;819,8;49,17973;;666,8;55,2888;306,6;48,71720533;48,60712395;9,621153893;9,511678945;26,42533986;Rose PRO;Rennrad;11.04.20;14:45:48;12:43:05;74;183;Training;02:02:43
;439,2;26,66659;;394,6;42,0552;257,6;48,74388962;48,68698698;9,544970859;9,477283638;19,07783801;Rose PRO;Rennrad;04.01.20;12:39:49;11:12:30;76;183;Training;01:27:19
;209,6;35,02276;;323,4;39,8376;223,6;48,79810201;48,70361349;9,517310914;9,170750817;24,42754023;Stevens Elite;Trecking;18.09.19;09:35:03;08:09:41;73;183;Pendeln;01:25:22
;460;22,14889;;496,2;33,4548;268;48,76648069;48,71389138;9,534904612;9,487572173;16,27034748;CUBE AIM RACE;MTB;20.01.19;14:48:44;13:26:25;76;183;Training;01:22:19
;150,8;35,03622;;317,2;44,4744;230,6;48,79825003;48,70366084;9,517150987;9,170911917;23,82465306;Stevens Elite;Trecking;21.06.18;08:05:56;06:36:49;73;183;Pendeln;01:29:07
;618,8;57,92761;;515;59,1516;281,4;48,78591925;48,70777401;9,704804951;9,506515274;27,5254212;Rose PRO;Rennrad;13.06.20;14:54:08;12:35:01;73;183;Training;02:19:07
;196,4;34,6576;;323;42,9948;233;48,79828817;48,70362229;9,517318122;9,170787111;25,47004721;Carver Distaco 6000;Rennrad;19.07.17;08:29:14;07:09:04;73;183;Pendeln;01:20:10
;893,6;70,18265;;498,2;56,736;251,6;48,81288769;48,71235346;9,656321257;9,388126424;25,57099401;Rose PRO;Rennrad;24.08.19;15:41:58;12:44:15;73;183;Training;02:57:43
;186,2;37,31163;;64,6;42,66;-15,6;48,79822799;48,70363486;9,525772948;9,166061981;24,01508672;Rose PRO;Rennrad;14.08.18;20:47:42;19:11:06;73;183;Training;01:36:36
;522,4;35,26548;;483,6;55,4904;254,6;48,79159313;48,71701875;9,517550049;9,404798113;27,18467876;Rose PRO;Rennrad;16.04.20;16:58:06;15:34:07;74;183;Training;01:23:59
;599,8;56,26195;;492,6;51,0588;237,2;48,80846992;48,70778181;9,704796402;9,479011148;26,00003455;Rose PRO;Rennrad;03.05.20;15:19:40;13:03:22;74;183;Training;02:16:18
127,0108696;184,4;65,49574;213;2742;57,1392;629,4;46,66994652;46,52798725;10,89396567;10,42492485;32,91714053;Rose PRO;Rennrad;19.07.16;16:06:11;13:39:59;73;183;Training;02:26:12
;332,8;21,31547;;435,8;41,2164;303,2;48,73668655;48,69837438;9,517327677;9,468233949;18,25785167;Rose PRO;Rennrad;30.06.20;18:49:12;17:35:59;73;183;Training;01:13:13
;159,4;35,20804;;296;41,6196;207,8;48,79829236;48,70364861;9,517253581;9,17095718;23,77140899;Stevens Elite;Trecking;16.07.18;08:37:44;07:08:10;73;183;Pendeln;01:29:34
;110,4;10,67104;;333,4;33,1524;272;48,71718982;48,7089375;9,523474127;9,478235738;14,00557822;CUBE AIM RACE;MTB;24.04.20;18:39:03;16:57:12;74;183;Training;01:41:51
;202,4;35,70458;;338,6;39,3336;247;48,79830066;48,70372547;9,517271183;9,170790045;22,20165333;Stevens Elite;Trecking;03.08.18;21:37:59;20:03:15;73;183;Pendeln;01:34:44
;158;34,92904;;319,4;42,93;227,8;48,79829312;48,70365934;9,517263807;9,170829859;21,99228655;Stevens Elite;Trecking;17.10.18;08:45:54;07:10:39;74;183;Pendeln;01:35:15
;238,2;35,25218;;319,6;42,39;229,6;48,79828549;48,70362069;9,517263891;9,170763558;23,37804758;Stevens Elite;Trecking;05.07.17;09:01:29;06:55:15;73;183;Pendeln;02:06:14
;215;33,76648;;342,4;38,7288;241,8;48,79807779;48,70366478;9,517200021;9,174326956;20,88625304;Rose PRO;Rennrad;16.01.20;17:04:11;15:24:41;76;183;Training;01:39:30
;231,2;37,01813;;384,6;42,1884;258;48,79813931;48,70362623;9,523502039;9,171196818;23,61356166;Stevens Elite;Trecking;20.07.18;17:26:40;15:50:48;73;183;Pendeln;01:35:52
;603;40,52889;;485,2;54,9864;241,6;48,79934706;48,7036792;9,517574441;9,379862119;26,69846924;Rose PRO;Rennrad;15.09.19;11:37:35;09:56:32;73;183;Training;01:41:03
;203,4;34,64193;;318,6;39,3336;217;48,79826286;48,70363444;9,517229022;9,170805467;22,91232152;Stevens Elite;Trecking;24.05.17;08:12:51;06:42:01;73;183;Pendeln;01:30:50
129,0310408;546,6;50,41647;158;393,4;55,5912;256;48,7204306;48,62016468;9,617338954;9,511718927;27,28272818;Rose PRO;Rennrad;20.05.18;17:55:55;16:02:32;73;183;Training;01:53:23
;718;56,63543;;491,4;53,8776;267,4;48,75596568;48,67908401;9,640568057;9,452656182;26,39664081;Rose PRO;Rennrad;25.03.18;16:20:39;14:02:44;74;183;Training;02:17:55
;521,4;25,73314;;499,4;36,8496;302,6;48,74681918;48,69986166;9,517359529;9,468210312;17,66337221;CUBE AIM RACE;MTB;16.06.20;20:15:03;18:41:14;73;183;Training;01:33:49
;200,6;34,83027;;344,2;39,672;249,4;48,79816881;48,70363603;9,517284678;9,171141582;23,49194227;Stevens Elite;Trecking;22.05.18;19:48:17;18:20:59;73;183;Pendeln;01:27:18
;147,4;34,97929;;311,4;39,0312;217;48,7982725;48,70366252;9,517170265;9,170857687;24,27749903;Stevens Elite;Trecking;03.07.19;09:00:57;07:34:15;73;183;Pendeln;01:26:42
;654,8;104,1532;;208;57,4056;-2,8;39,5421002;39,36072579;3,025503689;2,710669516;29,08494886;Mietrad - GHOST;Rennrad;08.04.18;15:14:30;10:13:05;74;183;Training;05:01:25
;231;34,64004;;282,2;42,0552;191,4;48,79829446;48,70363503;9,51725618;9,170785686;25,80843165;Stevens Elite;Trecking;08.08.17;07:59:17;06:39:46;73;183;Pendeln;01:19:31
129,7626016;560,8;70,54381;158;266,8;52,2324;16,2;39,57204916;39,36848441;2,910386045;2,710696924;24,87040714;Mietrad - GHOST;Rennrad;26.03.19;14:52:33;11:07:07;75;183;Training;03:45:26
;618,4;36,31343;;459,2;61,1028;203,2;48,76616185;48,71545494;9,561059503;9,490811527;28,16346099;Rose PRO;Rennrad;07.07.18;17:29:15;16:03:50;73;183;Pendeln;01:25:25
;310,8;24,47906;;461,6;48,2688;236;48,76650944;48,71543985;9,561147178;9,490548419;27,85846667;Rose PRO;Rennrad;12.02.17;16:36:08;15:41:30;76;183;Training;00:54:38
;285,2;24,53555;;486,4;55,1556;280,4;48,76647768;48,71546323;9,561108202;9,49072293;28,4156076;Rose PRO;Rennrad;13.08.16;13:59:40;13:08:33;73;183;Training;00:51:07
;810,4;58,42554;;517,8;57,5388;285;48,79153026;48,7036626;9,561178945;9,404856702;27,62246345;Rose PRO;Rennrad;15.04.18;14:07:57;11:48:18;73;183;Training;02:19:39
;1133,4;71,65574;;646,8;54,7848;309,6;48,74639346;48,58460697;9,617532073;9,444879284;25,68935749;Rose PRO;Rennrad;09.05.20;16:59:59;13:51:25;73;183;Training;03:08:34
;164,4;34,9207;;349;39,8052;255,8;48,79826789;48,70364433;9,517234974;9,17094511;23,71844669;Stevens Elite;Trecking;06.06.18;08:15:59;06:47:19;73;183;Pendeln;01:28:40
;553,2;36,15554;;487,4;50,8572;227,6;48,81125464;48,7169843;9,517543176;9,393911781;26,47955441;Rose PRO;Rennrad;16.05.20;14:20:19;12:52:49;73;183;Pendeln;01:27:30
;164,8;35,127;;295,8;38,9664;205;48,79827803;48,70365741;9,517159201;9,170696754;23,16949935;Stevens Elite;Trecking;28.08.18;09:27:51;07:58:05;70;183;Pendeln;01:29:46
;635,2;47,21033;;426,4;51,0588;263,4;48,71720835;48,59297899;9,542252859;9,447933482;25,54788363;Rose PRO;Rennrad;17.04.20;18:13:52;16:14:58;74;183;Training;01:58:54
;157,2;35,08099;;305,6;36,9504;216,8;48,79828876;48,70365313;9,51731896;9,170769844;23,13303423;Stevens Elite;Trecking;27.08.18;08:35:42;07:04:56;71;183;Pendeln;01:30:46
138,3078028;944,8;53,61249;171;468,2;60,498;234;48,79154887;48,71077758;9,560288703;9,404848991;28,01214974;Rose PRO;Rennrad;19.05.18;18:05:20;15:55:00;73;183;Training;02:10:20
;483,2;28,95687;;525,6;36,2772;285,4;48,77850956;48,7154945;9,602920236;9,487578375;13,38721349;CUBE AIM RACE;MTB;26.01.19;16:33:41;14:17:06;76;183;Training;02:16:35
;1139,6;72,40876;;707,4;54,9864;278,8;48,71721916;48,55238283;9,542310778;9,402686879;25,24894217;Rose PRO;Rennrad;11.09.16;12:01:06;08:56:14;73;183;Training;03:04:52
;1150,4;100,5601;;565,2;52,434;222,2;48,81708308;48,70778725;9,72719687;9,385248329;25,5311898;Rose PRO;Rennrad;09.06.19;15:00:20;10:39:23;73;183;Training;04:20:57
;258,6;34,92408;;336;41,5836;240;48,79824928;48,70363419;9,517272692;9,171956638;24,43228266;Stevens Elite;Trecking;12.04.17;19:27:12;18:02:49;75;183;Pendeln;01:24:23
;673,2;47,18271;;627,4;53,4744;274,8;48,71723324;48,607104;9,621160766;9,514911762;25,42498929;Rose PRO;Rennrad;24.07.16;12:34:17;10:36:20;73;183;Training;01:57:57
;266,6;35,64068;;381,8;38,9988;258,6;48,79999951;48,70365598;9,517388195;9,170727935;23,13040123;Stevens Elite;Trecking;07.07.20;09:33:34;08:01:55;73;183;Pendeln;01:31:39
;498;29,13235;;482,2;56,0304;276;48,74612767;48,67621229;9,584250888;9,498170502;26,57847577;Rose PRO;Rennrad;31.03.18;13:24:05;12:07:18;74;183;Training;01:16:47
;240,2;10,08563;;384;39,5028;259,8;48,73672963;48,7139498;9,517331449;9,489254672;16,40458909;CUBE AIM RACE;MTB;30.07.20;18:16:34;17:33:19;73;183;Training;00:43:15
;977,2;101,58488;;480,8;52,1676;235,8;48,85078311;48,70777854;9,81126518;9,387659049;25,58011865;Rose PRO;Rennrad;01.06.20;13:28:44;08:57:25;73;183;Training;04:31:19
;758,8;46,7331;;492,4;53,946;251,2;48,79159849;48,71081597;9,561095629;9,404843878;26,62467824;Rose PRO;Rennrad;22.04.17;10:04:54;08:11:37;75;183;Training;01:53:17
;682,8;60,06713;;494,8;51,6276;254,6;48,80843262;48,70778432;9,704789948;9,460513126;25,97099672;Rose PRO;Rennrad;20.06.20;14:38:16;12:13:08;73;183;Training;02:25:08
;288,2;35,33804;;246,8;38,7972;159,8;48,7982031;48,70365003;9,517313261;9,170409674;20,71714765;Stevens Elite;Trecking;27.09.17;19:44:38;18:04:24;73;183;Pendeln;01:40:14
;448,6;30,10188;;503;55,5912;294,8;48,77394193;48,71632515;9,56110443;9,49070273;26,67199265;Rose PRO;Rennrad;08.04.20;15:36:44;14:22:16;75;183;Training;01:14:28
;146;35,05021;;352,8;44,5392;260,8;48,79822732;48,70359865;9,517273111;9,170836564;24,30403262;Stevens Elite;Trecking;03.07.18;08:11:07;06:43:44;73;183;Pendeln;01:27:23
;261;34,70948;;349;39,3012;256,6;48,7983165;48,70368524;9,517246373;9,171026833;22,2977343;Stevens Elite;Trecking;04.04.17;18:43:54;17:07:38;75;183;Pendeln;01:36:16
;408,2;24,8881;;494,4;54,684;295,4;48,76616755;48,71701171;9,561049109;9,490793757;28,53098925;Rose PRO;Rennrad;21.10.17;12:29:17;11:32:17;74;183;Training;00:57:00
;359,8;13,48025;;549,2;45,8856;350,8;48,74373682;48,71484758;9,531688979;9,496713141;17,91492222;CUBE AIM RACE;MTB;31.03.20;14:39:29;13:50:52;75;183;Training;00:48:37
;301,4;34,91626;;416,2;37,8216;277,2;48,79826462;48,70369689;9,517190466;9,170362316;20,91158182;Stevens Elite;Trecking;12.09.17;20:16:25;18:37:00;73;183;Pendeln;01:39:25
;919,8;50,93198;;682,6;52,2324;282,8;48,71718857;48,60024031;9,6576689;9,514852501;25,72782713;Rose PRO;Rennrad;08.02.20;15:38:12;13:21:52;75;183;Training;02:16:20
;185,8;35,33796;;350,4;37,8216;267,2;48,79822095;48,70361265;9,517286103;9,170575971;22,31280782;Stevens Elite;Trecking;25.06.19;21:14:39;19:41:26;73;183;Pendeln;01:33:13
;265,4;36,67713;;268;39,906;178,4;48,79832463;48,70367593;9,523448059;9,170735059;23,11071244;Stevens Elite;Trecking;14.09.18;19:34:45;17:58:57;70;183;Pendeln;01:35:48
131,3850106;1320,4;86,4275;163;737,8;59,1516;273;48,7172143;48,52248358;9,542258894;9,322827039;26,31918441;Rose PRO;Rennrad;30.09.18;18:19:33;14:30:45;73;183;Training;03:48:48
117,5620609;319,6;23,46557;135;465,6;48,7728;245,8;48,76621624;48,71392189;9,56112002;9,490790404;18,25583185;Rose PRO;Rennrad;17.03.19;14:22:41;12:49:35;75;183;Training;01:33:06
118,8425019;310;33,50681;141;76,4;39,8052;7;54,05936329;53,98757245;10,76459477;10,70097805;21,89629977;Giant;Rennrad;10.05.19;12:53:18;10:57:46;74;183;Training;01:55:32
;286,6;20,26878;;510,2;50,7564;287,6;48,76649042;48,71541965;9,561235942;9,490560992;26,8247855;Rose PRO;Rennrad;04.02.18;13:10:16;12:22:44;74;183;Training;00:47:32
;260,6;19,61178;;503,2;44,0712;278,8;48,7662367;48,71550154;9,561096383;9,490747321;24,10153523;Rose PRO;Rennrad;21.01.17;16:50:17;16:02:11;76;183;Training;00:48:06
;1974,4;73,23044;;1438,8;58,212;252,2;46,68326017;46,50079091;11,35158674;11,00221862;20,72268724;Rose PRO;Rennrad;22.07.16;14:38:22;09:46:53;73;183;Training;04:51:29
;289,2;35,34864;;461,8;38,3256;290,4;48,79805122;48,70364894;9,517304543;9,170683846;21,93798846;Stevens Elite;Trecking;17.09.19;19:13:04;17:35:38;73;183;Pendeln;01:37:26
;349,4;42,50483;;328,4;40,4424;220;48,80064055;48,70363553;9,526980277;9,170552501;21,09677603;Stevens Elite;Trecking;05.09.19;09:02:46;05:07:20;73;183;Training;03:55:26
;150,2;35,01016;;322,8;45,648;239,8;48,7982031;48,70364391;9,517272022;9,170523668;24,67475403;Carver Distaco 6000;Rennrad;26.07.19;09:28:47;08:03:23;73;183;Pendeln;01:25:24
;388,4;30,31499;;521,2;53,7444;300,2;48,77858341;48,70850424;9,608504679;9,490578678;25,84514418;Rose PRO;Rennrad;29.08.19;11:41:50;10:27:59;73;183;Training;01:13:51
120,6293403;157;34,8705;152;330;40,2084;236,4;48,79823226;48,70360217;9,517308064;9,170886604;21,06236162;Stevens Elite;Trecking;18.05.18;08:37:50;06:58:15;73;183;Pendeln;01:39:35
;303,8;24,45799;;458,2;56,1636;238;48,76643929;48,71543096;9,561130246;9,490697114;28,4602506;Rose PRO;Rennrad;19.02.17;16:14:30;15:19:04;75;183;Training;00:55:26
;853,2;47,89281;;491,2;62,1756;245;48,80454878;48,68560681;9,642903255;9,494249113;27,41839145;Rose PRO;Rennrad;15.09.18;17:40:05;15:35:31;70;183;Training;02:04:34
;52,4;30,16668;;195,4;34,8012;180,8;48,17976021;48,07601145;7,464576457;7,399585443;25,77143199;Rose PRO;Rennrad;30.06.18;08:27:44;07:13:50;73;183;Training;01:13:54
;202;34,60645;;315;39,5352;220,2;48,79826604;48,70363268;9,517277051;9,17076054;23,25088823;Stevens Elite;Trecking;22.05.17;08:17:38;06:47:59;73;183;Pendeln;01:29:39
;1703,4;54,08694;;1890,8;51,6276;286,2;44,17428455;44,06707691;5,409174124;5,176216057;21,76499934;Rose PRO;Rennrad;20.06.19;18:12:51;14:59:57;73;183;Training;03:12:54
;1861,6;122,20272;;449,4;55,4256;-52,2;39,77569847;39,53067298;2,769823791;2,557785111;25,42434253;Mietrad - GHOST;Rennrad;29.03.17;17:27:52;10:10:07;75;183;Training;07:17:45
;224,6;35,00291;;388;39,7728;256,6;48,79825439;48,70366604;9,517216114;9,170882497;24,11534596;Stevens Elite;Trecking;16.08.19;09:26:50;08:01:08;73;183;Pendeln;01:25:42
;245,8;34,77427;;350,4;42,0876;251,6;48,79997654;48,70363411;9,515383495;9,170775628;23,36753956;Stevens Elite;Trecking;30.06.17;08:39:34;07:10:24;73;183;Pendeln;01:29:10
;197,2;34,7797;;315,8;38,2932;218,2;48,79829228;48,70363821;9,517255509;9,170704382;22,55096367;Stevens Elite;Trecking;31.05.17;08:20:43;06:48:37;73;183;Pendeln;01:32:06
;879;80,1496;;496,8;45,4464;-60,6;39,74549118;39,53027853;2,822831785;2,699522255;22,90685861;Mietrad - GHOST;Rennrad;11.04.18;13:54:46;10:07:10;73;183;Training;03:47:36
;165,4;34,90388;;304,4;36,108;206,2;48,79831231;48,70366923;9,517282834;9,170888867;21,2349728;Stevens Elite;Trecking;23.10.18;09:02:45;07:25:04;75;183;Pendeln;01:37:41
;137,2;8,12179;;269,4;36,0432;176,6;48,8008128;48,7146776;9,526278041;9,170550322;19,0157224;Stevens Elite;Trecking;08.03.17;19:17:43;17:58:10;75;183;Training;01:19:33
;216,8;34,86088;;377,8;38,7972;250,4;48,79826194;48,70365422;9,517343352;9,170884425;22,1696293;Stevens Elite;Trecking;09.10.18;09:02:16;07:28:19;73;183;Pendeln;01:33:57
;270;34,93106;;371,4;39,5028;254,6;48,79833058;48,7036828;9,517349219;9,170575971;23,42403758;Stevens Elite;Trecking;18.07.17;21:01:33;19:34:34;73;183;Pendeln;01:26:59
;575;40,42375;;499,2;57,3732;255,6;48,80468633;48,71235858;9,608506104;9,494270235;27,68335378;Rose PRO;Rennrad;09.06.18;15:17:38;13:40:59;73;183;Training;01:36:39
;254,4;34,91857;;348;38,124;248,8;48,79831349;48,7036673;9,517320301;9,170694156;21,28129979;Stevens Elite;Trecking;11.07.17;20:55:36;19:19:29;73;183;Pendeln;01:36:07
;399,8;30,27984;;491,6;60,5988;284,8;48,76619194;48,70277563;9,584290953;9,490834326;28,17995208;Rose PRO;Rennrad;13.07.18;19:34:37;18:25:38;73;183;Training;01:08:59
;257,4;16,22114;;365,2;44,0712;241;48,71905086;48,67906113;9,542249087;9,503269382;24,46912976;Rose PRO;Rennrad;22.01.17;16:18:18;15:38:53;76;183;Training;00:39:25
;210,2;36,6863;;366;41,418;262;48,7981953;48,70369345;9,523467002;9,170824997;23,33515145;Stevens Elite;Trecking;17.09.18;18:54:54;17:20:57;72;183;Pendeln;01:33:57
;178,4;12,05961;;329,4;30,5676;266,8;48,7173531;48,69985001;9,517248636;9,468243169;12,8603797;CUBE AIM RACE;MTB;04.07.20;12:33:09;11:30:43;73;183;Training;01:02:26
;384,8;24,93586;;483,2;49,68;272;48,76649251;48,71547388;9,560361961;9,490566691;25,50499984;Rose PRO;Rennrad;25.09.16;13:23:46;12:24:58;73;183;Training;00:58:48
;97;9,06135;;310;34,398;250,4;48,71740038;48,70365674;9,517194238;9,412434446;20,85129333;Rose PRO;Rennrad;09.07.19;21:34:48;21:10:03;73;183;Training;00:24:45
;2335,2;143,9668;;866,6;50,0508;-2;39,82865651;39,53040878;2,904427769;2,685043104;23,30326437;Mietrad - GHOST;Rennrad;12.04.18;18:36:41;10:05:01;73;183;Training;08:31:40
;370,4;54,84979;;88,4;50,0148;-57,2;39,54002576;39,36853772;2,833396001;2,710057972;28,01804007;Mietrad - GHOST;Rennrad;25.03.17;16:29:42;13:21:01;75;183;Training;03:08:41
;233,2;35,11197;;364,6;40,0752;274,6;48,79821223;48,70362815;9,517289288;9,170547305;23,28342692;Stevens Elite;Trecking;07.08.17;20:42:20;19:13:36;73;183;Pendeln;01:28:44
;436,4;21,67114;;516;44,1036;283,4;48,77734557;48,71390956;9,530088454;9,48047488;17,63988784;CUBE AIM RACE;MTB;18.01.20;14:58:21;13:37:11;76;183;Training;01:21:10
;1606,6;107,9411;;834,6;59,1192;280,4;48,76649025;48,50521292;9,697387721;9,490555208;27,14766425;Rose PRO;Rennrad;18.08.19;13:34:41;08:46:43;73;183;Training;04:47:58
;933,6;60,19445;;608,8;52,6032;235,2;48,75592134;48,60712345;9,651937941;9,506524494;25,6726666;Rose PRO;Rennrad;02.03.19;15:51:31;13:12:55;75;183;Training;02:38:36
123,9276169;1476,4;101,38936;166;1425,8;63,5868;732;47,23159354;46,95340346;11,0126219;10,75139017;29,57272788;Rose PRO;Rennrad;24.07.18;13:52:51;09:30:56;73;183;Training;04:21:55
;768,2;110,87098;;155,8;60,0264;-55,8;39,54212626;39,33708119;3,147197943;2,710066102;28,83262509;Mietrad - GHOST;Rennrad;26.03.17;16:03:24;10:06:02;75;183;Training;05:57:22
;164,2;8,90075;;413,4;30,4668;290,4;48,73670046;48,71394142;9,517308734;9,494145261;16,1439168;CUBE AIM RACE;MTB;15.09.19;18:16:07;17:35:02;73;183;Training;00:41:05
;428,8;31,09445;;513,6;51,1596;302,4;48,76654423;48,71545158;9,561215825;9,490546994;27,89171713;Rose PRO;Rennrad;16.07.17;12:07:27;10:58:23;73;183;Training;01:09:04
;342;24,28868;;534,8;42,3252;311;48,76621675;48,71543373;9,561114321;9,490810689;24,67924468;Rose PRO;Rennrad;02.12.17;13:44:31;12:39:48;75;183;Training;01:04:43
;296,4;41,35821;;712,2;34,866;535,2;46,65129687;46,61602775;11,00508456;10,77419934;19,96169888;Rose PRO;Rennrad;20.07.16;12:22:20;09:59:42;73;183;Training;02:22:38
;149,8;35,02416;;319,2;39,2004;225,2;48,79825532;48,70364056;9,517306807;9,170604888;21,39320582;Stevens Elite;Trecking;30.07.19;08:47:17;07:10:04;73;183;Pendeln;01:37:13
;206,8;34,62967;;324,2;36,648;242,4;48,79821114;48,70361223;9,51729767;9,170866907;23,44833117;Stevens Elite;Trecking;24.07.17;07:44:31;06:15:12;73;183;Pendeln;01:29:19
;215,6;35,02991;;319;41,7852;219,4;48,79810528;48,7036616;9,517316781;9,170812089;25,76584433;Stevens Elite;Trecking;20.09.19;09:09:27;07:49:18;73;183;Pendeln;01:20:09
;211,8;36,70795;;362,2;40,6116;251,4;48,79831558;48,70369831;9,523477061;9,170789542;23,17311475;Stevens Elite;Trecking;10.09.18;19:12:46;17:37:32;70;183;Pendeln;01:35:14
;201;36,70387;;343,4;42,426;249,6;48,79832304;48,70366227;9,523489969;9,170475975;23,09385979;Stevens Elite;Trecking;16.07.18;20:36:24;18:59:04;73;183;Pendeln;01:37:20
;416,6;25,16261;;502,8;50,3532;298;48,76648966;48,71698304;9,561116919;9,490551772;26,82055195;Rose PRO;Rennrad;29.04.20;16:27:50;15:25:04;74;183;Training;01:02:46
120,099014;612,8;95,62158;150;205,8;47,664;12,2;39,57202711;39,39443101;3,030220354;2,7113254;26,52129906;Mietrad - GHOST;Rennrad;30.03.19;14:51:57;10:01:31;75;183;Training;04:50:26
;202,8;34,64786;;340,8;40,2084;246,2;48,79827107;48,70363821;9,517214773;9,170891717;23,4905987;Stevens Elite;Trecking;31.07.17;08:47:59;07:20:52;73;183;Pendeln;01:27:07
;143,4;34,99959;;334,2;36,4464;238;48,79812372;48,70365975;9,517244026;9,170760205;21,16655331;Stevens Elite;Trecking;10.06.20;09:45:08;08:03:58;73;183;Pendeln;01:41:10
;185,2;34,89545;;293,4;40,7448;200,6;48,79826034;48,7036569;9,51717345;9,170637997;21,84449874;Stevens Elite;Trecking;05.03.19;09:32:24;07:57:08;75;183;Pendeln;01:35:16
;266,4;35,34765;;445,2;39,9744;291,6;48,79815054;48,70367845;9,517286941;9,170702789;23,02326249;Stevens Elite;Trecking;16.09.19;19:35:22;18:05:07;73;183;Pendeln;01:30:15
;1928,2;127,56548;;507;58,2804;-7,6;39,77575002;39,53031113;2,769700577;2,557775052;24,49072973;Mietrad - GHOST;Rennrad;10.04.18;17:48:28;10:09:19;73;183;Training;07:39:09
;892,4;62,70288;;518,8;57,438;257,6;48,80906629;48,6658572;9,645343814;9,460447747;25,12071097;Rose PRO;Rennrad;14.09.19;18:43:31;15:57:11;73;183;Training;02:46:20
;247,2;34,90142;;368,8;41,886;278,4;48,79828784;48,70361969;9,517200356;9,170684265;22,57903551;Stevens Elite;Trecking;24.07.17;19:19:26;17:43:38;73;183;Pendeln;01:35:48
;200;34,64534;;315,6;36,8136;221,2;48,79827191;48,70363578;9,51730622;9,170793314;21,38223151;Stevens Elite;Trecking;11.07.17;08:59:34;07:22:59;73;183;Pendeln;01:36:35
;159,4;35,04541;;321,4;41,2812;230,2;48,79824844;48,70364802;9,517408311;9,170916528;23,65228649;Stevens Elite;Trecking;16.04.19;09:37:24;08:08:55;75;183;Pendeln;01:28:29
;232,8;36,42009;;386,4;37,6884;259,2;48,79819388;48,70363494;9,52346365;9,170471281;23,03466681;Stevens Elite;Trecking;02.07.18;21:00:25;19:25:00;73;183;Pendeln;01:35:25
;260,2;22,27452;;475,8;37,7568;275,6;48,75645334;48,7064024;9,584317273;9,502761019;15,31540305;CUBE AIM RACE;MTB;31.08.19;18:30:12;16:41:51;73;183;Training;01:48:21
;205,8;35,13271;;325,4;49,0428;236,2;48,79832748;48,70364752;9,517357685;9,17078929;25,73224258;Carver Distaco 6000;Rennrad;28.08.19;09:57:41;08:37:45;73;183;Pendeln;01:19:56
134,2975513;1986,6;60,48881;170;2616,4;59,1516;1379,8;46,96980994;46,8605199;11,02749743;10,91427854;24,17813038;Rose PRO;Rennrad;21.07.20;13:54:38;09:32:09;73;183;Training;04:22:29
;552;28,68716;;499;41,0472;285;48,75386694;48,71541915;9,579315456;9,496588586;16,30247809;CUBE AIM RACE;MTB;23.01.19;16:32:50;14:44:44;76;183;Training;01:48:06
;164,4;35,23803;;298,8;39,9744;206,8;48,79825666;48,70361131;9,517288869;9,170794906;22,93170729;Stevens Elite;Trecking;11.07.18;07:59:36;06:27:23;73;183;Pendeln;01:32:13
;150,2;35,21645;;317,2;38,5956;221,6;48,79831499;48,70364031;9,516493259;9,170670351;23,53471518;Stevens Elite;Trecking;20.08.18;08:25:57;06:56:01;71;183;Pendeln;01:29:56
;1062,6;41,4136;;486;56,5668;276,4;48,76622463;48,71590588;9,560266994;9,490841953;25,56972537;Rose PRO;Rennrad;01.05.18;18:12:58;16:17:28;73;183;Training;01:55:30
;401,6;31,07899;;528;57,204;296;48,77805124;48,70832227;9,561173497;9,441058813;27,23991672;Rose PRO;Rennrad;27.04.19;12:54:12;11:40:33;74;183;Training;01:13:39
123,1645338;198,8;35,6262;148;395;38,898;298,4;48,79813017;48,70362933;9,517378807;9,17072542;23,67522559;Stevens Elite;Trecking;26.05.20;09:02:12;07:33:27;73;183;Pendeln;01:28:45
;281,2;20,1138;;496,4;44,4744;272,6;48,7662232;48,71548126;9,561105855;9,490817562;25,28292105;Rose PRO;Rennrad;25.02.18;13:46:30;12:58:13;74;183;Training;00:48:17
;311,4;13,12536;;460,2;43,0956;266;48,74679722;48,71392356;9,516852843;9,484747723;18,3215982;Rose PRO;Rennrad;26.03.20;18:12:07;17:24:16;75;183;Training;00:47:51
;101;21,8183;;40;39,3012;8,2;54,8913023;54,84730426;8,453425281;8,340948522;26,42032735;Stevens 98;Trecking;25.05.18;09:06:04;08:15:34;73;183;Training;00:50:30
;276,4;34,90597;;387,2;40,0752;248,6;48,79827786;48,70364064;9,517242936;9,170861458;23,22686694;Stevens Elite;Trecking;11.10.17;08:56:20;07:24:11;74;183;Pendeln;01:32:09
;456,4;46,57771;;471,2;44,2404;275,4;48,78595135;48,70776814;9,704801934;9,515724555;25,32775425;Rose PRO;Rennrad;25.06.20;18:51:18;16:56:42;73;183;Training;01:54:36
;193,6;34,63858;;320;38,7648;224,4;48,79826236;48,70364073;9,517388195;9,170760624;24,15202612;Stevens Elite;Trecking;29.08.17;08:07:54;06:42:08;73;183;Pendeln;01:25:46
;595,8;45,2003;;552,4;55,6596;186,4;48,25834852;48,07689247;7,403614959;7,314097993;25,40218937;Rose PRO;Rennrad;29.06.18;18:30:15;16:24:56;73;183;Training;02:05:19
;2017,6;135,38484;;709,8;66,2724;205;48,81125255;48,61548624;9,89815115;9,393900298;25,99496713;Rose PRO;Rennrad;12.04.20;16:26:01;10:18:55;74;183;Training;06:07:06
133,0952707;463,8;38,41468;167;416,6;38,6964;243,2;48,79811995;48,70367057;9,517322732;9,170648474;22,04422618;Stevens Elite;Trecking;26.05.20;16:49:37;15:03:52;73;183;Training;01:45:45
;192,4;34,5777;;320,4;44,9424;224,4;48,79828289;48,70360896;9,517239165;9,170737322;27,33802813;Carver Distaco 6000;Rennrad;02.06.17;08:24:06;07:08:34;73;183;Pendeln;01:15:32
;402,8;24,83175;;494,8;53,3088;298,4;48,76616235;48,71701892;9,561062017;9,490874223;27,66502136;Rose PRO;Rennrad;19.08.19;19:07:59;18:07:35;73;183;Training;01:00:24
;275,8;35,31706;;309;40,8456;217,8;48,79813529;48,70362421;9,517260622;9,170746123;23,77971497;Stevens Elite;Trecking;30.08.19;18:58:18;17:29:44;73;183;Pendeln;01:28:34
;295,2;35,74456;;377,2;39,4704;263,8;48,79814199;48,70367141;9,517224999;9,170694407;23,19133214;Stevens Elite;Trecking;19.05.20;18:15:40;16:42:29;73;183;Pendeln;01:33:11
;156,6;34,91172;;347,8;34,2972;252;48,79826588;48,70364551;9,517589025;9,170860201;22,01314696;Stevens Elite;Trecking;18.04.18;07:35:58;06:01:23;73;183;Pendeln;01:34:35
;356,6;20,36067;;501,8;54,9216;287,4;48,77145577;48,71568284;9,521666067;9,49074422;27,32697931;Rose PRO;Rennrad;18.06.20;13:51:36;12:59:44;73;183;Training;00:51:52
;311,8;35,66993;;441,4;37,656;298;48,7983388;48,70369948;9,517119052;9,170659957;22,31642564;Stevens Elite;Trecking;11.10.17;19:14:23;17:38:32;74;183;Pendeln;01:35:51
;342,8;58,86194;;138,6;44,7084;-10,2;39,53860377;39,36847209;2,826931207;2,71129908;25,7592;Mietrad - GHOST;Rennrad;13.04.18;15:05:43;12:36:16;73;183;Training;02:29:27
;221,6;36,92019;;357;42,9624;251,8;48,79834718;48,70364282;9,523500111;9,170580832;24,3956197;Stevens Elite;Trecking;09.07.18;20:12:04;18:42:33;73;183;Pendeln;01:29:31
;236,2;35,29915;;384,4;38,8296;260,2;48,79824936;48,70366705;9,517345531;9,170648726;20,70868607;Stevens Elite;Trecking;13.06.19;20:17:39;18:30:11;73;183;Pendeln;01:47:28
;199,2;34,63864;;320;40,878;224,6;48,79824635;48,70364559;9,517293395;9,17073003;24,8660858;Stevens Elite;Trecking;16.05.17;08:30:58;07:07:30;74;183;Pendeln;01:23:28
;949;52,1389;;493,4;59,2524;241,4;48,79834768;48,71635448;9,561130581;9,404848991;26,97627492;Rose PRO;Rennrad;06.05.17;14:12:25;11:59:41;74;183;Training;02:12:44
;202;35,4012;;315,4;39,636;220,6;48,79995902;48,70361491;9,517291971;9,170795996;24,18390363;Stevens Elite;Trecking;19.05.20;09:03:33;07:36:50;73;183;Pendeln;01:26:43
;165;35,11942;;327;36,0756;231,4;48,79819572;48,70366076;9,517278811;9,170912839;20,49595215;Stevens Elite;Trecking;27.06.18;07:56:05;06:15:10;73;183;Pendeln;01:40:55
;204,2;35,19794;;312,8;42,894;218;48,79825112;48,70363025;9,517237907;9,170726929;26,01887899;Stevens Elite;Trecking;23.08.19;08:57:16;07:36:36;73;183;Pendeln;01:20:40
;250;35,10291;;323,8;36,3096;233;48,80004133;48,70365841;9,517302113;9,170492571;21,87630182;Stevens Elite;Trecking;20.09.16;19:21:16;17:47:34;73;183;Pendeln;01:33:42
;253,8;34,8972;;343,8;38,0592;253,4;48,79832027;48,70364844;9,517187532;9,170465833;22,17807521;Stevens Elite;Trecking;17.05.17;20:26:24;18:53:41;74;183;Pendeln;01:32:43
;787,6;62,86034;;589,8;52,2684;269,4;48,72040889;48,58668711;9,617354712;9,448004644;26,38828369;Rose PRO;Rennrad;01.09.19;12:12:14;09:32:20;73;183;Training;02:39:54
;213,8;9,50851;;479,6;43,3656;280,8;48,74616455;48,71550255;9,532092651;9,506512927;22,46297056;Rose PRO;Rennrad;15.06.16;19:41:09;19:15:46;73;183;Training;00:25:23
;157,2;35,02661;;313,2;41,5512;215;48,79812481;48,70365632;9,51723841;9,170864141;23,23108983;Stevens Elite;Trecking;16.03.20;09:21:57;07:51:42;75;183;Pendeln;01:30:15
;361,8;33,3171;;397,2;51,1596;280,2;48,72036749;48,6637365;9,625181397;9,514871361;27,32596071;Rose PRO;Rennrad;18.07.20;15:54:13;14:37:56;73;183;Training;01:16:17
;154;34,88993;;319,8;41,7852;230,4;48,79825112;48,70366034;9,517246457;9,170745118;23,47234213;Stevens Elite;Trecking;20.04.18;08:32:49;07:05:15;73;183;Pendeln;01:27:34
;1075,4;51,76183;;524;54,18;306,4;48,76652637;48,71545854;9,532161718;9,490541713;26,34224378;Rose PRO;Rennrad;02.09.17;16:39:29;14:32:28;73;183;Training;02:07:01
;135,4;20,01576;;428,4;28,2492;330,2;48,69236036;48,63391603;9,170328788;9,124690164;13,07731331;CUBE AIM RACE;MTB;29.07.17;17:28:03;14:18:23;73;183;Training;03:09:40
139,2009238;986,6;104,98136;171;553,4;52,3692;2,6;39,57203784;39,46484797;3,145767152;2,711385414;26,33620013;Mietrad - GHOST;Rennrad;24.03.19;15:40:41;10:03:46;75;183;Training;05:36:55
;253;34,9961;;327,8;37,5876;227,6;48,79820393;48,70365808;9,517283253;9,168979805;21,49868624;Rose PRO;Rennrad;04.09.17;20:03:24;18:27:16;73;183;Training;01:36:08
;198,2;34,94373;;313,6;41,382;225,6;48,8000078;48,70365062;9,517250648;9,170826506;25,77948712;Carver Distaco 6000;Rennrad;04.07.17;08:15:51;06:54:24;73;183;Pendeln;01:21:27
;544,6;42,00886;;468,4;52,434;269;48,74629548;48,64972288;9,625224313;9,495138098;24,2642234;Rose PRO;Rennrad;27.07.20;19:04:33;17:15:39;73;183;Training;01:48:54
;155;35,10482;;308,8;42,3576;220;48,79825775;48,70366269;9,517236482;9,170939997;24,76458174;Carver Distaco 6000;Rennrad;17.07.19;08:21:05;06:57:48;73;183;Pendeln;01:23:17
;273,4;24,40173;;487,6;54,3816;281,6;48,76646955;48,71546659;9,561155224;9,490525033;29,29620659;Rose PRO;Rennrad;22.07.17;15:42:41;14:49:37;73;183;Training;00:53:04
131,6396501;1993,8;58,38392;166;2625,4;64,224;1315,2;46,96758312;46,8616901;11,02763481;10,91538521;24,00752648;Rose PRO;Rennrad;25.07.18;13:48:08;09:31:45;73;183;Training;04:16:23
;199,8;34,79359;;266;40,4424;172,2;48,7982787;48,70363461;9,5172654;9,170793565;24,35901794;Stevens Elite;Trecking;16.03.17;08:49:31;07:22:58;75;183;Pendeln;01:26:33
;334,2;22,21561;;392,6;39,2004;257,4;48,73671161;48,69982763;9,517240003;9,468205785;16,75424237;CUBE AIM RACE;MTB;29.06.20;18:31:41;16:56:11;73;183;Training;01:35:30
;239;35,22631;;377;37,6884;251,2;48,79813856;48,70361323;9,517203374;9,170519309;21,18184442;Stevens Elite;Trecking;10.06.20;17:39:59;16:02:06;73;183;Pendeln;01:37:53
;184,4;34,90118;;292;36,5796;204,2;48,79833947;48,70365506;9,517298592;9,17071511;22,78652087;Stevens Elite;Trecking;04.04.18;08:16:20;06:46:20;74;183;Pendeln;01:30:00
;295,8;20,681;;529;51,7644;310,4;48,76621499;48,71134076;9,561111722;9,490896016;28,76230789;Rose PRO;Rennrad;23.06.18;15:17:05;14:31:14;73;183;Training;00:45:51
;1243,4;76,46421;;762,4;53,3088;279,6;48,7559257;48,57432196;9,657693207;9,497066019;25,134;Rose PRO;Rennrad;12.06.20;18:44:06;15:17:49;73;183;Training;03:26:17
;1699,2;102,88496;;884,2;56,0952;280,6;48,71720357;48,49411947;9,6969009;9,431683319;25,74404204;Rose PRO;Rennrad;08.03.20;15:57:04;11:10:46;75;183;Training;04:46:18
;1394,8;84,05668;;820,4;56,0952;277,2;48,76663442;48,54359298;9,696908528;9,490564009;25,49587412;Rose PRO;Rennrad;26.04.20;15:21:25;11:30:30;74;183;Training;03:50:55
;529,8;43,5772;;502,6;44,5392;279,2;48,79818315;48,70365783;9,517226424;9,170685606;21,84125964;Stevens Elite;Trecking;17.07.19;20:21:08;18:12:36;73;183;Training;02:08:32
;460;50,49022;;516,2;52,5024;275;48,78590768;48,70778382;9,691891037;9,514867673;27,06149868;Rose PRO;Rennrad;15.04.20;14:38:11;12:40:34;74;183;Training;01:57:37
;238;36,11298;;380,2;40,914;250,4;48,79824274;48,7036771;9,523471193;9,171016105;22,53908243;Stevens Elite;Trecking;25.10.18;19:06:21;17:31:08;75;183;Pendeln;01:35:13
;28,4;3,237;;539;26,0676;514;46,65119737;46,64066509;11,00654938;10,99285101;15,22122545;CUBE AIM RACE;MTB;08.08.18;18:20:24;17:59:51;73;183;Training;00:20:33
;502;30,32181;;501;58,716;251,8;48,79750748;48,71551051;9,561037123;9,46046317;27,0808153;Rose PRO;Rennrad;09.08.19;09:27:11;08:10:37;73;183;Training;01:16:34
;156;34,97791;;320,8;35,37;230,8;48,79825305;48,70361935;9,517316027;9,170837067;20,73020516;Stevens Elite;Trecking;13.06.19;08:44:10;07:02:35;73;183;Pendeln;01:41:35
;194;37,23712;;344,2;41,1804;252;48,79828339;48,70363595;9,517324325;9,166905116;22,3085477;Rose PRO;Rennrad;11.06.18;09:07:41;07:16:11;73;183;Training;01:51:30
;550;33,34584;;449,4;54,18;194,2;48,79750094;48,71701112;9,528368907;9,460415561;26,12741176;Rose PRO;Rennrad;10.05.20;14:06:16;12:40:24;73;183;Training;01:25:52
;358,8;36,20091;;408,8;50,8572;293;48,72039624;48,65000887;9,625191288;9,514867086;27,66903158;Rose PRO;Rennrad;21.05.20;17:50:07;16:28:46;73;183;Pendeln;01:21:21
;191,6;12,9227;;328,8;33,7572;268;48,71734321;48,69985102;9,523166846;9,468221711;14,51867294;CUBE AIM RACE;MTB;25.08.19;14:00:28;13:00:37;73;183;Training;00:59:51
;152;35,02685;;321,8;42,7932;234,2;48,79828063;48,70365741;9,517344357;9,170616958;23,14776981;Stevens Elite;Trecking;25.07.19;09:31:01;08:00:17;73;183;Pendeln;01:30:44
;488;27,81743;;495,8;52,1316;288,8;48,74605768;48,67912123;9,584306376;9,495198699;24,81841987;Rose PRO;Rennrad;17.11.18;15:54:56;14:35:35;75;183;Training;01:19:21
;300,6;15,12016;;464,6;39,9384;247,6;48,75657815;48,71391795;9,517296078;9,480486279;17,53260764;CUBE AIM RACE;MTB;03.06.20;09:06:21;08:10:59;72;183;Training;00:55:22
;305,2;22,51246;;412,2;39,7044;264,2;48,74377688;48,69986191;9,517273698;9,468219699;18,43472231;Rose PRO;Rennrad;14.06.20;19:23:24;18:04:57;73;183;Training;01:18:27
;250,2;35,19066;;393;39,168;266,2;48,79828272;48,70368046;9,517267412;9,170763139;20,0197573;Stevens Elite;Trecking;10.10.18;19:43:03;17:58:56;74;183;Pendeln;01:44:07
;72;7,41326;;311,6;27,6768;266,6;48,71725889;48,70892719;9,520353796;9,47819978;14,26537385;CUBE AIM RACE;MTB;07.07.18;18:34:17;18:02:00;73;183;Training;00:32:17
;226,2;35,25804;;358;39,0672;251,6;48,79813856;48,70366864;9,517238829;9,170587873;22,50945378;Stevens Elite;Trecking;03.03.20;17:04:50;15:30:45;75;183;Pendeln;01:34:05
;641;42,32402;;508,8;61,7724;306,8;48,76648547;48,71698589;9,561185902;9,490580102;29,24585871;Rose PRO;Rennrad;25.08.19;09:57:19;08:19:25;73;183;Training;01:37:54
;544,4;26,34437;;510,4;40,4424;281,2;48,77856203;48,71549509;9,589578006;9,490589993;18,93291878;Rose PRO;Rennrad;20.04.20;13:24:29;11:50:26;74;183;Training;01:34:03
;198,2;13,08003;;335,2;40,6116;267,8;48,71713635;48,69983492;9,523444287;9,466017103;19,60069222;Rose PRO;Rennrad;26.02.20;11:29:54;10:48:38;75;183;Training;00:41:16
;191,6;35,21515;;318,6;37,9908;233;48,79829773;48,70368155;9,517327175;9,1704774;21,63930913;Stevens Elite;Trecking;19.04.18;20:18:30;18:43:04;73;183;Pendeln;01:35:26
;345,2;14,20517;;475,4;38,3256;275,4;48,74682236;48,71391602;9,517285852;9,480513604;18,66636514;Rose PRO;Rennrad;01.04.20;13:41:12;12:50:20;75;183;Training;00:50:52
;523,2;35,3056;;475,4;56,0304;248;48,79162129;48,71702629;9,517559269;9,404835664;29,40557738;Rose PRO;Rennrad;09.04.20;17:49:11;16:32:44;74;183;Training;01:16:27
;186,6;34,7063;;316,2;39,2004;218,6;48,7982616;48,70363746;9,51724478;9,170623664;23,30810033;Stevens Elite;Trecking;26.05.17;08:44:11;07:15:44;73;183;Pendeln;01:28:27
;496,6;31,83537;;496,4;56,0628;254,2;48,7974753;48,71547086;9,561179448;9,460473564;27,27042826;Rose PRO;Rennrad;21.04.18;19:02:08;17:46:27;73;183;Training;01:15:41
132,9173659;1742,6;100,53716;175;680,6;56,232;149;48,75593827;48,52838209;9,697368108;9,447952509;27,1142769;Rose PRO;Rennrad;04.08.19;11:58:09;07:40:52;73;183;Training;04:17:17
;504,8;18,5485;;501,8;37,62;302,2;48,75121398;48,71391166;9,51728275;9,480497176;17,24571582;CUBE AIM RACE;MTB;30.03.20;13:35:11;12:19:46;75;183;Training;01:15:25
126,0834646;207,8;9,54886;157;467,8;48,2688;274,4;48,74613957;48,71549291;9,53211939;9,506560704;22,16602772;Rose PRO;Rennrad;28.05.16;14:32:50;14:05:23;74;183;Training;00:27:27
;230,2;36,98639;;375,4;40,7772;251,8;48,79831784;48,70365229;9,523384189;9,170531966;23,85792387;Stevens Elite;Trecking;02.08.18;20:33:09;18:59:01;73;183;Pendeln;01:34:08
;741;62,24814;;483;52,8372;231,2;48,81123913;48,70852889;9,656497529;9,386221217;25,6457268;Rose PRO;Rennrad;28.03.20;16:06:25;13:30:07;75;183;Training;02:36:18
130,4510369;652,8;39,75469;171;477,8;52,7364;230,4;48,81311366;48,71702679;9,517498752;9,266219437;21,99980737;Rose PRO;Rennrad;21.07.19;11:28:00;09:23:10;73;183;Training;02:04:50
;952,8;78,9958;;473,6;63,9576;236,8;48,81285852;48,70276205;9,723553676;9,388149306;25,42855335;Rose PRO;Rennrad;27.10.19;14:34:38;11:04:35;74;183;Training;03:30:03
;196,2;37,42506;;381,8;41,0472;293,6;48,79829312;48,70363109;9,52348846;9,170592315;23,00076629;Stevens Elite;Trecking;14.06.18;20:07:34;18:29:10;73;183;Pendeln;01:38:24
;216,2;34,65132;;315;38,3256;208,6;48,7983082;48,70366512;9,517292893;9,170763809;21,84194095;Stevens Elite;Trecking;13.04.17;08:43:20;07:07:27;75;183;Pendeln;01:35:53
;166,6;34,93165;;332,4;38,5272;234,2;48,79828717;48,70368741;9,517427506;9,170918707;23,39715;Stevens Elite;Trecking;19.10.18;09:01:01;07:32:28;75;183;Pendeln;01:28:33
;189,8;35,32545;;347,6;38,9988;260,6;48,79823201;48,70363268;9,517268166;9,170587203;22,79015132;Stevens Elite;Trecking;25.07.19;20:54:52;19:23:30;73;183;Pendeln;01:31:22
;273,8;27,379;;376,2;48,1356;267;48,73188866;48,70777317;9,645342138;9,514885359;24,41253253;Rose PRO;Rennrad;07.04.19;13:10:57;12:01:59;75;183;Training;01:08:58
117,6180832;718,8;100,96364;143;239,8;51,3252;-8,6;39,66643869;39,45389525;2,93210255;2,710156795;23,53214577;Mietrad - GHOST;Rennrad;29.03.19;17:16:23;11:16:32;75;183;Training;05:59:51
;333,6;35,21277;;404,6;37,5552;251,2;48,79831776;48,70367886;9,517191472;9,170742687;20,37670951;Stevens Elite;Trecking;23.11.17;17:15:51;15:33:24;74;183;Pendeln;01:42:27
;128,4;11,3504;;313,6;26,5356;257,6;48,71718002;48,70607223;9,523174977;9,463200867;12,90602812;CUBE AIM RACE;MTB;21.05.17;12:28:41;11:31:24;73;183;Training;00:57:17
;375,2;33,04789;;405;49,914;283,8;48,72039984;48,66375175;9,625180056;9,514894914;26,98068353;Rose PRO;Rennrad;30.05.20;18:26:49;17:10:02;73;183;Training;01:16:47
128,5884627;5141;224,91476;162;2475;65,9052;675;47,24956468;46,81273836;11,50928278;10,87802153;26,54857551;Rose PRO;Rennrad;23.07.20;19:06:24;06:09:20;73;183;Training;12:57:04
;481,8;28,26953;;494,6;47,196;290,2;48,74609037;48,68564067;9,617389496;9,506600099;24,40333996;Rose PRO;Rennrad;01.03.20;13:10:28;11:54:49;75;183;Training;01:15:39
;190,6;36,63029;;308,4;44,2728;218,6;48,79832773;48,70366478;9,523493741;9,170669261;23,3748685;Stevens Elite;Trecking;20.09.18;19:03:48;17:28:59;72;183;Pendeln;01:34:49
;299;24,46954;;455,8;51,5628;234,4;48,7664936;48,71542124;9,561107615;9,490545988;27,57622711;Rose PRO;Rennrad;11.02.17;16:19:16;15:23:55;76;183;Training;00:55:21
;293;24,43592;;480,4;55,5264;265,2;48,76650492;48,71548469;9,561203001;9,49054976;28,13263956;Rose PRO;Rennrad;14.04.17;14:39:05;13:43:21;75;183;Training;00:55:44
;298,2;24,53234;;490,6;53,5428;274,4;48,76651581;48,71548176;9,561175844;9,490561578;26,67124096;Rose PRO;Rennrad;09.10.16;12:57:54;12:02:13;74;183;Training;00:55:41
;191,2;34,61146;;228,8;41,5836;135,8;48,79821525;48,70361759;9,517131876;9,170804042;25,04821718;Carver Distaco 6000;Rennrad;21.07.17;07:49:14;06:26:58;73;183;Pendeln;01:22:16
;158,6;35,09884;;333,2;41,1804;244,8;48,79829211;48,70363134;9,517372604;9,170645708;23,73922186;Stevens Elite;Trecking;24.07.19;09:22:01;07:54:24;73;183;Pendeln;01:27:37
;194,6;35,32186;;328,2;37,5876;242,8;48,79829429;48,70361424;9,517313261;9,170735478;20,40530997;Stevens Elite;Trecking;16.04.19;19:14:45;17:33:11;75;183;Pendeln;01:41:34
;210,8;36,43381;;353,8;41,0148;254;48,79835766;48,70369731;9,52347748;9,170802953;22,88170075;Stevens Elite;Trecking;15.10.18;18:55:49;17:20:33;74;183;Pendeln;01:35:16
;766,8;76,30725;;490,8;52,47;220,2;48,81249634;48,70363193;9,517534459;9,170607068;23,61665313;Stevens Elite;Trecking;22.04.20;18:13:59;10:54:37;74;183;Training;07:19:22
131,9979472;1370,4;100,7587;168;1373,2;65,232;720;47,23161475;46,95604367;11,01368993;10,75135639;29,74290088;Rose PRO;Rennrad;20.07.20;14:02:44;09:31:11;73;183;Training;04:31:33
;82,6;12,16874;;315,4;33,7248;275,2;48,71906754;48,7130298;9,548721677;9,511191538;21,51218118;Rose PRO;Rennrad;15.07.20;17:54:03;17:19:18;73;183;Training;00:34:45
;239;35,35322;;367,2;39,9744;247,6;48,79825154;48,7036134;9,517235812;9,170587873;21,26244881;Stevens Elite;Trecking;12.03.19;18:46:34;17:07:07;75;183;Pendeln;01:39:27
;249,2;10,26785;;379;36,9144;253,4;48,7367215;48,71390831;9,517264981;9,493955327;15,760215;CUBE AIM RACE;MTB;07.07.19;16:56:39;15:57:25;73;183;Training;00:59:14
;466,8;33,24051;;487;52,6356;279,6;48,77475313;48,71702797;9,561145166;9,486001153;25,2728065;Rose PRO;Rennrad;10.07.20;18:13:17;16:43:21;73;183;Training;01:29:56
;154,2;34,08057;;315,2;34,2612;220,4;48,79815063;48,70365791;9,517316278;9,173799902;19,49934181;Rose PRO;Rennrad;16.01.20;08:34:33;06:51:43;76;183;Training;01:42:50
;283,4;24,35089;;487,2;63,6552;273;48,76652302;48,71546851;9,561152961;9,490519166;29,36913261;Rose PRO;Rennrad;03.10.17;17:42:14;16:48:45;73;183;Training;00:53:29
;274,2;35,8532;;354;40,0068;245,8;48,79999355;48,70366034;9,517334551;9,170557447;22,83708654;Stevens Elite;Trecking;07.07.20;19:22:44;17:50:13;73;183;Pendeln;01:32:31
132,6174979;1082,4;62,47651;166;488,4;58,986;241,8;48,79754302;48,71549584;9,561059838;9,460453447;28,11927895;Rose PRO;Rennrad;19.08.18;10:19:38;07:49:26;71;183;Training;02:30:12
;238;34,90793;;340,4;36,8136;242,8;48,79825439;48,70362405;9,517261209;9,170864057;21,48420302;Stevens Elite;Trecking;27.09.17;09:39:40;08:02:23;73;183;Pendeln;01:37:17
;215,4;35,11393;;349;38,9988;246,8;48,79828717;48,7036813;9,517280487;9,170464408;20,6191102;Stevens Elite;Trecking;19.10.18;19:01:54;17:21:06;75;183;Pendeln;01:40:48
;240,4;35,23015;;393,8;38,628;306,2;48,80005231;48,70367082;9,517241763;9,170596926;23,21978113;Stevens Elite;Trecking;21.06.17;17:39:59;16:10:34;73;183;Pendeln;01:29:25
;293,6;22,73371;;395,8;54,684;289,8;48,72036371;48,68570597;9,617435765;9,514873037;25,96413719;Rose PRO;Rennrad;19.03.20;15:46:48;14:49:47;75;183;Training;00:57:01
;156,6;35,00168;;306,4;37,9584;213,6;48,79826646;48,70364777;9,517241344;9,170924323;23,53774618;Stevens Elite;Trecking;22.08.19;09:29:07;08:01:44;73;183;Pendeln;01:27:23
;546,8;33,67788;;494;59,7564;274,8;48,7690137;48,7083014;9,561144747;9,463601187;25,68598495;Rose PRO;Rennrad;27.07.19;18:34:25;17:02:54;73;183;Training;01:31:31
;171,8;35,04142;;295,8;36,7812;197;48,79808298;48,70365724;9,517265568;9,17080069;21,39425811;Stevens Elite;Trecking;17.09.19;09:51:59;08:13:08;73;183;Pendeln;01:38:51
;287,6;24,45526;;447,2;48,7404;225,8;48,76649142;48,71545552;9,561160002;9,490586724;26,84546164;Rose PRO;Rennrad;05.02.17;16:56:36;16:00:49;76;183;Training;00:55:47
;274;35,44353;;353,2;39,5712;242;48,79830309;48,70364802;9,51729021;9,17076054;20,74447276;Stevens Elite;Trecking;31.07.17;21:07:16;19:26:37;73;183;Pendeln;01:40:39
;408,2;24,88189;;512,8;50,5548;257,4;48,76017675;48,69091893;9,524441399;9,45261444;23,87307951;Rose PRO;Rennrad;23.01.18;11:52:40;10:46:00;75;183;Training;01:06:40
;166,4;34,9812;;296,8;46,7244;207,6;48,79808893;48,70366361;9,517277135;9,170806222;24,92140747;Carver Distaco 6000;Rennrad;13.09.19;08:55:22;07:32:46;73;183;Pendeln;01:22:36
121,180399;421,8;30,27806;166;479,4;54,1476;263,8;48,76650081;48,70269567;9,584313249;9,49049796;26,91091171;Rose PRO;Rennrad;19.05.18;08:31:30;07:15:54;73;183;Training;01:15:36
119,9656226;1578,8;88,2844;167;714,4;54,0468;269,2;48,71729828;48,53472769;9,537527394;9,377313433;24,96883334;Rose PRO;Rennrad;26.08.18;11:40:21;07:40:05;71;183;Training;04:00:16
;158,6;34,73619;;321;40,41;226,8;48,79830318;48,70366286;9,517243272;9,170777136;21,39685993;Stevens Elite;Trecking;31.05.16;08:30:38;06:54:44;74;183;Pendeln;01:35:54
;450,8;40,58774;;390,4;52,8372;273,6;48,72039439;48,64029273;9,617373822;9,465089981;27,16925325;Rose PRO;Rennrad;14.07.18;19:06:57;17:35:29;73;183;Training;01:31:28
;400;18,5325;;478,4;37,656;264,2;48,7653312;48,71391166;9,517272189;9,480433892;16,02052755;CUBE AIM RACE;MTB;14.12.19;16:03:01;14:40:24;75;183;Training;01:22:37
;371,6;21,5971;;470,6;56,7684;253;48,76650592;48,71548763;9,561172994;9,490687726;27,82085013;Rose PRO;Rennrad;16.09.17;18:11:36;17:19:14;73;183;Training;00:52:22
;790,4;51,73514;;491,6;57,708;256,6;48,79156765;48,71550079;9,561126893;9,404836334;28,051532;Rose PRO;Rennrad;20.05.17;12:23:20;10:24:06;73;183;Training;01:59:14
